i,j,log_odds
Her,Ane,0.0909660098139276
Her,Ast,0.252191184625739
Her,Bil,0.710723051774099
Her,COPD,0.142074712318574
Her,CIj,0.320627041184379
Her,Hea,0.113271829009888
Her,Vei,0.368961200156236
Her,Lip,0.111288986375813
Her,Jaw,0.113159365672804
Her,Ear,0.11274131618267
Her,Fr,0.100665463150308
Her,GIH,0.604370634352389
Her,HA,0.135779840542979
Her,HTN,0.0662874406141569
Her,TJ,0.237860171352287
Her,Liv,0.204734680323215
Her,LGI,0.626367301325884
Her,NTJ,0.167949644817917
Her,Gas,0.553971423851461
Her,GIO,0.66547987901056
Her,IjO,0.0840415202021896
Her,SkO,0.129100848329028
Her,URO,0.108834998594274
Her,Pan,0.243862078155851
Her,RIn,0.350817867637054
Her,SIn,0.107169620526947
Her,Bac,0.112043746949404
Her,Bac,0.112043746949404
Her,Spr,0.2093626319091
Her,SuIj,0.0911302340353517
Her,UGI,1.24640881789201
Her,Vir,0.137657109830592
Her,Neo,0.0987473442797239
Her,Gen,0.170253984885914
Def,Bur,0.465003197211859
Def,CIj,0.639755145921048
Def,Jaw,0.211415872927813
Def,Ear,0.192978541079802
Def,Eye,0.15484150251279
Def,Fr,0.429361849845348
Def,HA,0.0705360518578156
Def,TJ,0.568477851317408
Def,Myc,0.527352167464351
Def,NTJ,0.795778010248096
Def,Wou,0.165458371290234
Def,Bone,0.753953181021865
Def,Con,1.07240110645339
Def,Con,1.07240110645339
Def,IjO,0.321244906658112
Def,NSO,0.24914163295449
Def,SkO,0.430315496333724
Def,URO,0.198763453960738
Def,Par,0.433021278292204
Def,RIn,0.178937138721501
Def,SIn,0.116861961120808
Def,Bac,0.494502886091194
Def,Bac,0.494502886091194
Def,Spr,0.491784687440455
Def,SuIj,0.235229870583775
Def,Vir,0.134194530729433
Def,Con,0.870268479114701
Def,Con,0.870268479114701
Ane,Her,0.168454258056268
Ane,Bac,0.603858059432323
Ane,Bac,0.603858059432323
Ane,Bil,0.341699857249741
Ane,Bur,0.314066104013783
Ane,NIn,0.75446598177003
Ane,CVD,0.155723984347985
Ane,COPD,0.15389244232671
Ane,Ulc,1.20800084057723
Ane,Coag,1.33253220164967
Ane,Coma,0.632183997316065
Ane,CIj,0.813780908133312
Ane,Art,0.239222788469974
Ane,Hea,0.308264309491671
Ane,Uri,0.329978605181542
Ane,Vei,0.375397131750763
Ane,WBC,1.027480322214
Ane,Lip,0.135945470396429
Ane,Ep,0.498273243840187
Ane,Ele,1.14935155221448
Ane,Fr,0.231684635544496
Ane,GIH,0.906682877869774
Ane,Gou,0.24134781260114
Ane,HTN,0.227935221152682
Ane,ArI,1.21216601466388
Ane,IIn,0.615357940198738
Ane,Liv,0.547039505868288
Ane,LGI,0.55313199618352
Ane,Myc,0.0758029221859799
Ane,Gas,0.546026357146191
Ane,Nut,0.469961041265726
Ane,Wou,0.255320190381723
Ane,End,0.101545656711775
Ane,GIO,0.355614078134531
Ane,HeO,1.04634787098248
Ane,InO,0.343599398881773
Ane,IjO,0.210809253461439
Ane,NuO,0.0495052450439833
Ane,Pan,1.24704101494647
Ane,Par,0.826939112157675
Ane,Ple,1.18044858970733
Ane,Poi,0.573353583647654
Ane,RF,0.896840863646154
Ane,RIn,0.143954767234438
Ane,SIn,0.360692245698745
Ane,Spi,1.01470307620505
Ane,SuIj,0.123190201488653
Ane,Lup,0.562342235251878
Ane,Thy,0.170612648872133
Ane,UGI,0.33286478291559
Ane,Vir,0.276367074771501
Ane,DM,0.102596001454495
Ane,Neo,0.148491935213321
Ane,Gen,0.164761483643942
Ast,Bur,0.281068592931021
Ast,COPD,1.49882404494214
Ast,Hea,0.0993064984047898
Ast,Jaw,0.119835092121737
Ast,Ear,0.176288934938304
Ast,GIH,0.0783638892648591
Ast,HA,0.22026457179125
Ast,HTN,0.0673499866535395
Ast,TJ,0.180983010187278
Ast,Myc,0.0614541561503907
Ast,NTJ,0.0450768850572403
Ast,Gas,0.190138782254956
Ast,InO,0.413553685747203
Ast,IjO,0.175681793603279
Ast,LRO,1.31116400245793
Ast,URO,0.987664084163064
Ast,Poi,0.231873879770441
Ast,RIn,0.723529360323701
Ast,Bac,0.0905909608201162
Ast,Bac,0.0905909608201162
Ast,Spr,0.203156026145029
Ast,UGI,0.426664818352581
Bac,Her,0.18216753190767
Bac,Her,0.18216753190767
Bac,Ane,0.634187991451471
Bac,Ane,0.634187991451471
Bac,Bil,0.508047689328155
Bac,Bil,0.508047689328155
Bac,Bur,0.600834980475819
Bac,Bur,0.600834980475819
Bac,NIn,1.41396917197771
Bac,NIn,1.41396917197771
Bac,COPD,0.347498814772058
Bac,COPD,0.347498814772058
Bac,Ulc,1.73544426104922
Bac,Ulc,1.73544426104922
Bac,Coag,0.569573862936466
Bac,Coag,0.569573862936466
Bac,Coma,0.4560784613297
Bac,Coma,0.4560784613297
Bac,CIj,0.558051464596544
Bac,CIj,0.558051464596544
Bac,Art,0.0894923838239523
Bac,Art,0.0894923838239523
Bac,Mou,0.195505229117193
Bac,Mou,0.195505229117193
Bac,Hea,0.215704166062479
Bac,Hea,0.215704166062479
Bac,Uri,0.903540526689332
Bac,Uri,0.903540526689332
Bac,Vei,0.20984587826554
Bac,Vei,0.20984587826554
Bac,WBC,0.692375378433445
Bac,WBC,0.692375378433445
Bac,Jaw,0.195588350707845
Bac,Jaw,0.195588350707845
Bac,Ep,0.113160472715028
Bac,Ep,0.113160472715028
Bac,Ele,0.871681054087206
Bac,Ele,0.871681054087206
Bac,Fr,0.388978813594749
Bac,Fr,0.388978813594749
Bac,GIH,0.351048567421628
Bac,GIH,0.351048567421628
Bac,ArI,2.64467515988511
Bac,ArI,2.64467515988511
Bac,IIn,1.0729796887134
Bac,IIn,1.0729796887134
Bac,Liv,0.219122359170919
Bac,Liv,0.219122359170919
Bac,LGI,0.528275758455586
Bac,LGI,0.528275758455586
Bac,Myc,0.361321245414095
Bac,Myc,0.361321245414095
Bac,Gas,0.544639577421367
Bac,Gas,0.544639577421367
Bac,Wou,0.491654991727857
Bac,Wou,0.491654991727857
Bac,GIO,0.444235668244094
Bac,GIO,0.444235668244094
Bac,HeO,0.327950291567936
Bac,HeO,0.327950291567936
Bac,InO,0.823806053615267
Bac,InO,0.823806053615267
Bac,SInf,0.151576124806482
Bac,SInf,0.151576124806482
Bac,IjO,0.634722259002856
Bac,IjO,0.634722259002856
Bac,SkO,0.273623184325156
Bac,SkO,0.273623184325156
Bac,Pan,0.634806606731793
Bac,Pan,0.634806606731793
Bac,Par,1.21868141392338
Bac,Par,1.21868141392338
Bac,Ple,1.15247072325173
Bac,Ple,1.15247072325173
Bac,Poi,0.279938721454185
Bac,Poi,0.279938721454185
Bac,RF,1.34410626187529
Bac,RF,1.34410626187529
Bac,RIn,0.59061375759753
Bac,RIn,0.59061375759753
Bac,SIn,1.54943562352411
Bac,SIn,1.54943562352411
Bac,Spi,1.65996090231956
Bac,Spi,1.65996090231956
Bac,Spr,0.111688801049879
Bac,Spr,0.111688801049879
Bac,SuIj,0.370127300880069
Bac,SuIj,0.370127300880069
Bac,UGI,0.316457129195303
Bac,UGI,0.316457129195303
Bac,Vir,0.943113436797337
Bac,Vir,0.943113436797337
Bac,Neo,0.101951105448979
Bac,Neo,0.101951105448979
Bac,Gen,0.405037837758345
Bac,Gen,0.405037837758345
Bil,Her,0.56020184771835
Bil,Ane,0.162250909759272
Bil,Bac,0.182912850980623
Bil,Bac,0.182912850980623
Bil,Bur,0.355433182540941
Bil,CIj,0.564946054534873
Bil,Art,0.075108461198991
Bil,Hea,0.318178027993662
Bil,Uri,0.33574740018096
Bil,Vei,0.0964072438153538
Bil,WBC,0.298025254468162
Bil,Lip,0.165716854882869
Bil,Ele,0.36382073242627
Bil,GIH,0.335485683573336
Bil,HA,0.0959392882074321
Bil,HTN,0.196336280595952
Bil,TJ,0.112078872893821
Bil,Liv,1.39481625682324
Bil,LGI,0.493163261588044
Bil,Gas,0.626734339491048
Bil,GIO,0.574279711412123
Bil,HeO,0.358802903732509
Bil,InO,0.311304521907693
Bil,IjO,0.083779655422587
Bil,NuO,0.298797034056571
Bil,Pan,2.05859162790068
Bil,Par,0.330400279247521
Bil,Ple,0.279723473613407
Bil,Poi,0.292756634535289
Bil,RIn,0.314933473381784
Bil,SIn,0.158247807873618
Bil,Spi,0.659649631530716
Bil,Bac,0.0573413237127626
Bil,Bac,0.0573413237127626
Bil,UGI,0.768807532253949
Bil,Vir,0.348769214191731
Bil,Gen,0.152233656523022
Bur,Def,0.157843603117041
Bur,Ast,0.182376225778588
Bur,COPD,0.40101880987736
Bur,Ulc,0.935701366743109
Bur,CIj,1.1687989543197
Bur,Jaw,0.265354037513507
Bur,Ear,0.278106808036968
Bur,Ep,0.256687464906266
Bur,Eye,0.273374182828261
Bur,Fr,0.616853374214968
Bur,GIH,0.191893834688865
Bur,ArI,0.607108562769878
Bur,TJ,0.236940208495112
Bur,Myc,0.268752151356506
Bur,Gas,0.419445328718851
Bur,Wou,0.825208066044815
Bur,Con,0.138040087809335
Bur,Con,0.138040087809335
Bur,IjO,0.50189285133574
Bur,NSO,0.135363997692508
Bur,SkO,0.31455726324372
Bur,Par,1.15893955874695
Bur,Poi,0.668471628096821
Bur,RIn,0.578220877893671
Bur,SIn,0.587044748060803
Bur,Spi,1.39950518571815
Bur,Spr,0.402700799134369
Bur,SuIj,0.920824999408704
Bur,Vir,0.247876359333159
NIn,Ane,0.283452782440434
NIn,Bac,1.23027352520002
NIn,Bac,1.23027352520002
NIn,CVD,1.00703473642486
NIn,Ulc,0.429285422563584
NIn,Uri,0.654535063870906
NIn,WBC,0.771653381521948
NIn,Ear,0.164276477871629
NIn,Ep,1.37139833327198
NIn,Eye,0.231933573472389
NIn,Ele,0.780753276755798
NIn,Fr,0.424370438462361
NIn,HA,0.954976056824874
NIn,NSC,0.731305536621247
NIn,ArI,2.03294741206914
NIn,BIj,0.214278057937542
NIn,Gas,0.379993581289705
NIn,GIO,0.396893912164583
NIn,InO,1.42965629441004
NIn,IjO,0.461903869111136
NIn,NSO,0.808058519357
NIn,Par,1.76101023493631
NIn,RIn,0.320841453378596
NIn,SIn,0.497594324430912
NIn,Spi,1.27404809010503
NIn,Lup,1.24032912083195
NIn,Vir,0.676416688789182
CVD,Bac,0.170289945615043
CVD,Bac,0.170289945615043
CVD,Bur,0.576357945744503
CVD,NIn,1.16760882913763
CVD,COPD,0.199806168622761
CVD,Ulc,0.481576276311841
CVD,Coag,0.223639090701644
CVD,Coma,1.13810589433704
CVD,CIj,1.10521590710978
CVD,Art,0.571981921631206
CVD,Hea,0.52200683642405
CVD,Uri,0.101555337766374
CVD,Lip,0.182851886722466
CVD,Jaw,0.0657817049534427
CVD,Ear,0.270377366112786
CVD,Ep,1.35208909359911
CVD,Eye,0.31123955671376
CVD,Fr,0.452615515801328
CVD,HA,0.667586266481117
CVD,NSC,0.26738178128343
CVD,HTN,0.535500533081993
CVD,BIj,0.891857770405523
CVD,GIO,0.161992819757611
CVD,IjO,0.366380397742369
CVD,NSO,0.648510873177921
CVD,Par,2.17704203457154
CVD,RIn,0.0699119082673368
CVD,Spi,0.65903170928533
CVD,Lup,0.648936304097547
CVD,Con,0.139901736896426
CVD,Con,0.139901736896426
COPD,Her,0.188954488884052
COPD,Ast,1.20648124923129
COPD,Bur,0.5284257564249
COPD,Art,0.0783151595990825
COPD,Hea,0.408410248426518
COPD,Lip,0.0452972865260549
COPD,Jaw,0.133617195959924
COPD,Ear,0.143138318735653
COPD,Fr,0.102948058211414
COPD,GIH,0.198130646508608
COPD,HA,0.140668365786816
COPD,HTN,0.113602992833572
COPD,TJ,0.138712640053978
COPD,Myc,0.118029478653215
COPD,NTJ,0.0677818855651789
COPD,Gas,0.402848723702069
COPD,GIO,0.0745916036758053
COPD,InO,0.491792792922586
COPD,IjO,0.192862038167242
COPD,LRO,1.32558973823958
COPD,SkO,0.0677188148366148
COPD,URO,0.346850157857346
COPD,Ple,0.613225389783332
COPD,Poi,0.25410360601362
COPD,RF,0.427928488481831
COPD,RIn,1.34073179266948
COPD,SIn,0.335235364524297
COPD,Bac,0.109241838924471
COPD,Bac,0.109241838924471
COPD,Spr,0.218410142310362
COPD,SuIj,0.345086417972757
COPD,UGI,0.32492731530923
COPD,Vir,0.211677409337004
Ulc,Def,0.380933030385368
Ulc,Ane,0.697496509969184
Ulc,Bac,1.36214737348242
Ulc,Bac,1.36214737348242
Ulc,Bur,1.75258702860411
Ulc,NIn,1.04964751453654
Ulc,CVD,0.80593584802989
Ulc,Coag,0.31293985361263
Ulc,Coma,1.46593408645663
Ulc,CIj,1.74056548085164
Ulc,Art,0.265444531280327
Ulc,Uri,1.07888473262583
Ulc,Vei,0.681579073897633
Ulc,Jaw,0.115702503253453
Ulc,Ep,0.586319279022305
Ulc,Ele,0.493893131420406
Ulc,Fr,1.19749770613808
Ulc,NSC,0.69220976390783
Ulc,ArI,2.41410707406807
Ulc,IIn,0.511323491116844
Ulc,BIj,0.341305087732201
Ulc,Myc,0.398673156174032
Ulc,Wou,1.56616336741175
Ulc,Con,0.376909108777499
Ulc,Con,0.376909108777499
Ulc,GIO,0.992887645683448
Ulc,InO,0.591758807741808
Ulc,IjO,0.610744593986908
Ulc,NSO,0.764563897769606
Ulc,SkO,0.369033514651905
Ulc,Par,3.39363725101026
Ulc,Ple,0.524471932884606
Ulc,RF,0.921424239594168
Ulc,SIn,1.78465564697021
Ulc,Spi,3.80799219204069
Ulc,SuIj,0.471283398974095
Ulc,DM,0.392300891206092
Coag,Ane,1.42041083519304
Coag,Bac,0.744351704030999
Coag,Bac,0.744351704030999
Coag,Bil,0.802115291607198
Coag,NIn,0.636668984101121
Coag,CVD,0.769237454086791
Coag,Ulc,0.451268993348577
Coag,CIj,0.332191304424927
Coag,Art,0.539159363628575
Coag,Hea,0.705739640247989
Coag,Uri,0.46891754604646
Coag,Vei,1.11493232961334
Coag,WBC,1.65300596997898
Coag,Ep,0.939540623612068
Coag,Ele,1.58208301188178
Coag,GIH,0.610547976994377
Coag,HTN,0.206403440045078
Coag,ArI,0.40102071627858
Coag,IIn,0.789733976797027
Coag,Liv,1.31821739004125
Coag,LGI,0.241428998982167
Coag,Gas,0.254798721951025
Coag,GIO,0.273036665828359
Coag,HeO,1.62186637252954
Coag,InO,0.832918243677219
Coag,IjO,0.165253393485645
Coag,Pan,1.57198836343893
Coag,Par,0.451447194343726
Coag,Ple,1.05962679331323
Coag,Poi,0.602624954370088
Coag,RF,0.808580014240072
Coag,RIn,0.107266432803329
Coag,SIn,0.269642348232388
Coag,Spi,0.461462788164802
Coag,Lup,1.3141023374647
Coag,UGI,0.0995380819684172
Coag,Vir,0.628463512435692
Coma,Bur,0.600077246345449
Coma,NIn,1.02386179827425
Coma,CVD,1.24631882688632
Coma,Ulc,0.927858993036158
Coma,CIj,0.908349774469927
Coma,Art,0.311342857163976
Coma,Hea,0.407678090031266
Coma,Uri,0.203317311463802
Coma,Ear,0.152886784349294
Coma,Ep,1.82646308031656
Coma,Ele,0.437739251005768
Coma,Fr,0.294333076243364
Coma,HA,0.410624272031798
Coma,NSC,0.291144464984652
Coma,BIj,0.478604994736149
Coma,Con,0.131346122531231
Coma,Con,0.131346122531231
Coma,End,0.357264085178436
Coma,GIO,0.242660125281289
Coma,IjO,0.667976553117177
Coma,LRO,0.373363991589538
Coma,NSO,0.564486063384267
Coma,Par,1.26696692045229
Coma,Poi,1.99395110231112
Coma,RF,0.914284170366587
Coma,RIn,0.120294922915156
Coma,Spi,0.987680753666621
Coma,SuIj,0.286982651727823
CIj,Def,0.219340548128671
CIj,Bur,1.09989573457204
CIj,CVD,0.490121755071107
CIj,Ulc,0.598705033172022
CIj,Coma,0.43740314917497
CIj,Uri,0.196723395254802
CIj,Vei,0.231742717093819
CIj,Jaw,0.183182591378415
CIj,Ear,0.260156742460768
CIj,Eye,0.309201864686955
CIj,Fr,1.67510121524051
CIj,HA,0.276948409941542
CIj,ArI,0.533051528799697
CIj,BIj,0.811335705837845
CIj,TJ,0.493075462330032
CIj,NTJ,0.0852213481589498
CIj,Wou,1.50497348769036
CIj,Ost,0.682282866116272
CIj,Bone,0.217323952175665
CIj,Con,0.24884379356627
CIj,Con,0.24884379356627
CIj,GIO,0.217974455752668
CIj,HeO,0.424052851096903
CIj,IjO,1.21753003643039
CIj,NSO,0.515080021305701
CIj,Par,1.00505309154068
CIj,Ple,0.519934163971734
CIj,SIn,0.379597333600224
CIj,Spi,1.3256652203189
CIj,Spr,0.369841285873099
CIj,SuIj,0.927461316240355
Art,Her,0.104501340246809
Art,Ane,0.1548116898295
Art,Ast,0.0433775612074314
Art,Bac,0.0966233601662198
Art,Bac,0.0966233601662198
Art,Bil,0.204389090463954
Art,Bur,0.424870157075005
Art,CVD,1.0522276737492
Art,COPD,0.192246463145289
Art,Ulc,0.452818920948047
Art,Coag,0.311534941725104
Art,Coma,0.280887768787919
Art,CIj,0.369717920242904
Art,Hea,0.694263789336528
Art,Uri,0.144966492953933
Art,Vei,0.194251087161484
Art,WBC,0.127531016827745
Art,Lip,0.227828455503968
Art,Jaw,0.0806659518832044
Art,Ear,0.113242215908232
Art,Ep,0.162353107963861
Art,Eye,0.0370561214263464
Art,Ele,0.420790136905182
Art,Fr,0.138608678660034
Art,GIH,0.310717620750407
Art,HA,0.0714833517913651
Art,HTN,0.091833146971912
Art,ArI,0.250491060106484
Art,IIn,0.1279251123881
Art,TJ,0.168382550485664
Art,Liv,0.328741513670705
Art,Myc,0.200899318204764
Art,NTJ,0.112683593674505
Art,Gas,0.330797940880736
Art,GIO,0.0842869112812966
Art,HeO,0.233945423448845
Art,InO,0.353637912045393
Art,SInf,0.0811084236119603
Art,IjO,0.228009495501357
Art,LRO,0.115207700268571
Art,NuO,0.2464124173228
Art,SkO,0.321366513376963
Art,URO,0.0288714864941488
Art,Pan,0.146475428757248
Art,Par,0.534125310558127
Art,Ple,0.304307794988343
Art,Poi,0.371619340161248
Art,RIn,0.336911215542728
Art,SIn,0.268740900512099
Art,Spi,0.476718349952538
Art,Bac,0.0207873047286621
Art,Bac,0.0207873047286621
Art,Spr,0.191096616592395
Art,SuIj,0.204923629463882
Art,Lup,0.820197624153089
Art,UGI,0.108145180751731
Art,Vir,0.231894264359565
Art,Neo,0.15282223780753
Art,Gen,0.0780411840901172
Mou,Def,0.0757090560585752
Mou,Ast,0.103333082994216
Mou,Bur,0.279642389465539
Mou,Hea,0.0670981602465768
Mou,Jaw,1.25283250952657
Mou,Ear,0.202660632416463
Mou,Eye,0.329332658566607
Mou,Fr,0.144631910260137
Mou,HA,0.156060946563563
Mou,TJ,0.114311165560563
Mou,Myc,0.29857762285616
Mou,NTJ,0.0491328222735066
Mou,GIO,0.210320711237481
Mou,InO,0.284563587762594
Mou,SInf,0.236133637806228
Mou,IjO,0.235992197040244
Mou,NSO,0.1320689724697
Mou,SkO,0.464251023849929
Mou,URO,0.301309715460724
Mou,Poi,0.250205898585731
Mou,RIn,0.585018166860664
Mou,SIn,0.451892095561627
Mou,Bac,0.106306208295541
Mou,Bac,0.106306208295541
Mou,Spr,0.220983582307164
Mou,SuIj,0.204391272910046
Mou,Lup,1.07806658776342
Mou,UGI,0.204053924824721
Mou,Vir,0.394078221981987
Mou,Neo,0.245624665006119
Mou,Gen,0.150751664000115
Hea,Her,0.18433892666371
Hea,Ane,0.087423185641836
Hea,Ast,0.165222995614681
Hea,Bac,0.214411834172876
Hea,Bac,0.214411834172876
Hea,Bil,0.251976165640376
Hea,Bur,0.272073968185404
Hea,CVD,0.362046938120898
Hea,COPD,0.390316422885405
Hea,Coag,0.257483479482412
Hea,Coma,0.343942764361131
Hea,CIj,0.280491091680244
Hea,Art,0.494261878924704
Hea,Uri,0.195528720718739
Hea,Vei,0.209353226589908
Hea,WBC,0.207024720293212
Hea,Lip,0.192219882067106
Hea,Jaw,0.089016577817149
Hea,Ear,0.143666446544977
Hea,Ep,0.265200201654559
Hea,Eye,0.0586090520492285
Hea,Ele,0.49798601340423
Hea,Fr,0.174644973325812
Hea,GIH,0.360368298550266
Hea,HA,0.18796759266859
Hea,HTN,0.414755158739405
Hea,IIn,0.19091313510626
Hea,TJ,0.169887333283485
Hea,Liv,0.240364289280388
Hea,LGI,0.0828818093243507
Hea,Myc,0.149121453983294
Hea,NTJ,0.0767267316433391
Hea,Gas,0.438686994211948
Hea,Wou,0.0729180864105199
Hea,GIO,0.170983577408889
Hea,InO,0.324855851053623
Hea,IjO,0.250927892844226
Hea,LRO,0.509272561053785
Hea,NuO,0.0276900401749748
Hea,SkO,0.122712521848653
Hea,Pan,0.27801761444835
Hea,Par,0.169199002749399
Hea,Ple,1.00775303929901
Hea,Poi,0.419569429015464
Hea,RF,0.260399904285373
Hea,RIn,0.477654343598516
Hea,SIn,0.262428153999319
Hea,Bac,0.0969134062722075
Hea,Bac,0.0969134062722075
Hea,Spr,0.25328394865858
Hea,SuIj,0.333903132059946
Hea,Lup,0.460563348956769
Hea,UGI,0.276537954450084
Hea,Vir,0.215707972443263
Hea,Gen,0.113204310599579
Uri,Her,0.199260106834773
Uri,Ane,0.195110680818834
Uri,Bac,0.705731722706699
Uri,Bac,0.705731722706699
Uri,Bil,0.342868060985207
Uri,Bur,0.271808039108402
Uri,NIn,0.529523636405154
Uri,CVD,0.143919601477666
Uri,COPD,0.159818918067114
Uri,Ulc,0.61811632334142
Uri,Coag,0.330074256067161
Uri,Coma,0.431873364743004
Uri,CIj,0.365693411516642
Uri,Art,0.174159017998507
Uri,Hea,0.268438290472006
Uri,Vei,0.134027701197898
Uri,WBC,0.373247976061377
Uri,Lip,0.153734163939053
Uri,Jaw,0.12833706480772
Uri,Ear,0.0459820638421104
Uri,Ep,0.223928242990147
Uri,Eye,0.0598288369419238
Uri,Ele,0.800899404928966
Uri,Fr,0.16554544814962
Uri,GIH,0.303250364932496
Uri,Gou,0.196348734290611
Uri,HA,0.110232899242296
Uri,HTN,0.264985706406973
Uri,ArI,0.298162794348124
Uri,IIn,0.452859104414708
Uri,TJ,0.0751178281113621
Uri,Liv,0.369856972795931
Uri,LGI,0.264882471710429
Uri,Myc,0.224749986406004
Uri,NTJ,0.0379999109555015
Uri,Gas,0.499042150001381
Uri,End,0.122571388722423
Uri,GIO,0.314683098778806
Uri,HeO,0.285564127695393
Uri,InO,0.389292800385503
Uri,IjO,0.228156726758501
Uri,LRO,0.0308739028188569
Uri,SkO,0.160667863679617
Uri,Pan,0.547287441422829
Uri,Par,1.32342637029734
Uri,Ple,0.352390212214465
Uri,Poi,0.500274446000158
Uri,RF,0.586330415607954
Uri,RIn,0.42012967342589
Uri,SIn,0.322888630920352
Uri,Spi,1.91665965196473
Uri,Bac,0.13619736085996
Uri,Bac,0.13619736085996
Uri,Spr,0.155271041184689
Uri,SuIj,0.177610580553704
Uri,Lup,0.346178777301808
Uri,UGI,0.15927319551571
Uri,Vir,0.347177432818357
Uri,DM,0.0941640922534392
Uri,Gen,0.59429205972072
Vei,Her,0.451578151071942
Vei,Def,0.041242372821545
Vei,Ane,0.276444597305958
Vei,Ast,0.0872356894174376
Vei,Bac,0.169213671136435
Vei,Bac,0.169213671136435
Vei,Bur,0.26173486090849
Vei,Ulc,0.218308481997747
Vei,Coag,0.355240238756817
Vei,CIj,0.494905076490007
Vei,Art,0.0703030659756372
Vei,Hea,0.225001578148447
Vei,Uri,0.0894235459490747
Vei,Jaw,0.167182602465146
Vei,Ear,0.0792859153405007
Vei,Fr,0.13026491794744
Vei,GIH,1.9130693113532
Vei,HA,0.0397154492096918
Vei,TJ,0.172536127541392
Vei,Liv,0.103136879810319
Vei,LGI,1.27685340404593
Vei,Myc,0.245203018609101
Vei,NTJ,0.135991522584858
Vei,Gas,0.691957151916709
Vei,GIO,0.691987153387406
Vei,InO,0.143777042328712
Vei,SInf,0.0896363009867357
Vei,IjO,0.139443552512924
Vei,SkO,0.256896591439101
Vei,URO,0.0687462643407671
Vei,Par,0.393387100866256
Vei,RIn,0.296339976459956
Vei,SIn,0.31043033088353
Vei,Spi,0.603162157171161
Vei,Bac,0.105802251029476
Vei,Bac,0.105802251029476
Vei,Spr,0.160989311787764
Vei,SuIj,0.0912521314245678
Vei,UGI,0.360876035130131
Vei,Vir,0.342956670134334
Vei,Neo,0.463992474399537
Vei,Gen,0.382052342931986
WBC,Her,0.0957558056053086
WBC,Ane,0.987049433631326
WBC,Bac,0.780555824170857
WBC,Bac,0.780555824170857
WBC,Bil,0.792177273578194
WBC,Bur,0.57470656062995
WBC,NIn,0.948225739718085
WBC,COPD,0.264737135997925
WBC,Ulc,0.303340036053984
WBC,Coag,1.55016201837334
WBC,Coma,0.35013367173313
WBC,CIj,0.443763473880567
WBC,Art,0.285586848128856
WBC,Hea,0.487679244898205
WBC,Uri,0.54634552525819
WBC,Vei,0.0916278769217293
WBC,Lip,0.0968663215163304
WBC,Jaw,0.0436792214522077
WBC,Ep,0.346505551279136
WBC,Ele,1.47934443974821
WBC,Fr,0.145774443484634
WBC,GIH,0.338357811107022
WBC,HTN,0.0589150210406354
WBC,ArI,0.797553061640303
WBC,IIn,1.10103563798961
WBC,Liv,0.681530305782937
WBC,LGI,0.647714118152914
WBC,Gas,0.965419671123933
WBC,Ost,0.285089893419824
WBC,GIO,0.463078974070474
WBC,HeO,1.23677609300001
WBC,InO,0.527088000073932
WBC,IjO,0.265233566669471
WBC,LRO,0.084688725343749
WBC,Pan,1.23545572340054
WBC,Par,0.475889280611553
WBC,Ple,0.955997023017145
WBC,Poi,0.846509021028258
WBC,RF,0.639426340584127
WBC,RIn,0.332213155530204
WBC,SIn,0.554231616562682
WBC,Spi,0.373834660109954
WBC,SuIj,0.10250649575595
WBC,Lup,0.942746175291317
WBC,UGI,0.144941421775163
WBC,Vir,0.355896852961561
WBC,Neo,0.195736068638316
Lip,Ast,0.129423035225268
Lip,Art,0.200425359427194
Lip,Hea,0.117528333372263
Lip,Jaw,0.0860963704121287
Lip,Ear,0.149177146941577
Lip,Gou,0.257232529726195
Lip,HA,0.0988945619541875
Lip,HTN,0.8834498032662
Lip,TJ,0.147250076653935
Lip,Liv,0.556990284934815
Lip,Myc,0.0655881680645194
Lip,NTJ,0.307753908297706
Lip,Nut,0.132479084032023
Lip,NuO,0.681506205108866
Lip,URO,0.129765897077386
Lip,RIn,0.127312451953531
Lip,Bac,0.31055840393119
Lip,Bac,0.31055840393119
Lip,Spr,0.0303279175727886
Lip,Thy,0.287338421159374
Lip,UGI,0.334103073512379
Lip,DM,1.12887039320358
Jaw,Her,0.111868295353456
Jaw,Def,0.172015400985163
Jaw,Ast,0.134259645521844
Jaw,Bac,0.0661123823681506
Jaw,Bac,0.0661123823681506
Jaw,Bur,0.724978360545602
Jaw,CVD,0.357740011299155
Jaw,COPD,0.346658632618529
Jaw,Coma,0.23352246106657
Jaw,CIj,0.722399568001561
Jaw,Mou,0.650742395130608
Jaw,Hea,0.0703002545898219
Jaw,Vei,0.0934334946409669
Jaw,Ear,0.251441271451427
Jaw,Ep,0.527480966590424
Jaw,Eye,0.356572696516713
Jaw,Fr,0.433496022820433
Jaw,GIH,0.243224856274453
Jaw,HA,0.35273574494939
Jaw,ArI,0.427714214002874
Jaw,BIj,0.304877049529512
Jaw,TJ,0.326947866374954
Jaw,Myc,0.274355558164373
Jaw,NTJ,0.0179594184457476
Jaw,Gas,0.244510886988297
Jaw,Wou,0.327177189761587
Jaw,Bone,0.176279887762446
Jaw,GIO,0.114017548005652
Jaw,InO,0.334654025511626
Jaw,SInf,0.0601118061652232
Jaw,IjO,0.530514084979741
Jaw,NSO,0.280002023922011
Jaw,SkO,0.191222208348376
Jaw,Par,0.786727827705419
Jaw,Poi,0.366176003702943
Jaw,RIn,0.412845090006044
Jaw,SIn,0.420194655531199
Jaw,Spi,0.693408822247193
Jaw,Bac,0.123639752820503
Jaw,Bac,0.123639752820503
Jaw,Spr,0.32599650469323
Jaw,SuIj,0.379010974244556
Jaw,UGI,0.114537624652219
Jaw,Vir,0.30642984550946
Ear,Her,0.0530828016788007
Ear,Def,0.0807377444565245
Ear,Ast,0.110403739341854
Ear,Bur,0.339616054703839
Ear,COPD,0.154974637466661
Ear,CIj,0.296160157002273
Ear,Hea,0.140524723221412
Ear,Vei,0.0430886783675715
Ear,Jaw,0.17369621467046
Ear,Eye,0.235913783648507
Ear,Fr,0.145735270438303
Ear,GIH,0.203726354860112
Ear,HA,0.406847892121785
Ear,BIj,0.311652303465808
Ear,TJ,0.273142330134149
Ear,Myc,0.27298357039079
Ear,NTJ,0.236011084030557
Ear,Gas,0.293142412296767
Ear,GIO,0.0734355931209616
Ear,InO,0.112645216471077
Ear,IjO,0.346710321497101
Ear,LRO,0.0339712004118439
Ear,NSO,0.0572373410556678
Ear,SkO,0.212076185873421
Ear,URO,0.180648668253641
Ear,RIn,0.514787292822135
Ear,SIn,0.162016123460177
Ear,Bac,0.212952993303004
Ear,Bac,0.212952993303004
Ear,Spr,0.337483240587707
Ear,SuIj,0.256267187643248
Ear,UGI,0.103253856253397
Ear,Vir,0.222157063131929
Ear,Gen,0.151054808535245
Ep,Ane,0.105520756506281
Ep,NIn,1.35538729679811
Ep,CVD,1.85427985335558
Ep,COPD,0.192026793819142
Ep,Ulc,0.470432021661897
Ep,Coag,0.336547845400487
Ep,Coma,1.52819623781946
Ep,CIj,0.909979328155036
Ep,Art,0.165519065424252
Ep,Hea,0.223941411017167
Ep,Uri,0.0915981412254027
Ep,Jaw,0.135257860569664
Ep,Ear,0.246726755506635
Ep,Eye,0.159711707040112
Ep,Ele,0.554207075156029
Ep,Fr,0.466060127287999
Ep,GIH,0.229217223418861
Ep,HA,0.770151796147338
Ep,NSC,0.465667160952917
Ep,HTN,0.207580728580151
Ep,ArI,0.307581888525838
Ep,BIj,0.771471508436651
Ep,TJ,0.136048314418207
Ep,Liv,0.181209545193197
Ep,Gas,0.306689867192187
Ep,Wou,0.277369125260235
Ep,Ost,0.529094846315448
Ep,GIO,0.122456704622674
Ep,InO,0.332579437707901
Ep,IjO,0.542504365018131
Ep,NSO,0.467812058293415
Ep,Pan,0.509745174229503
Ep,Par,1.44393713552506
Ep,Poi,0.529612094378633
Ep,Spi,0.656176860469194
Ep,SuIj,0.292721961034285
Ep,UGI,0.0764082778102787
Eye,Her,0.0401486486647151
Eye,Def,0.145542250615514
Eye,Ast,0.152285607758223
Eye,Bur,0.374536214904992
Eye,CVD,0.272443905602034
Eye,COPD,0.0652108546085619
Eye,CIj,0.419689045972446
Eye,Hea,0.0696917278324891
Eye,Lip,0.141150247422508
Eye,Jaw,0.336021427361235
Eye,Ear,0.363354774700318
Eye,Ep,0.112918023547282
Eye,Fr,0.206389618371235
Eye,GIH,0.141903678947286
Eye,HA,0.367173536325463
Eye,HTN,0.133965701246076
Eye,BIj,0.302048972591685
Eye,TJ,0.205648793319681
Eye,Liv,0.0512929756333763
Eye,Myc,0.295479557193177
Eye,NTJ,0.213258241978724
Eye,Gas,0.115217484396854
Eye,InO,0.261342359677272
Eye,SInf,0.170526799902393
Eye,IjO,0.328858959893411
Eye,NSO,0.0574318507437873
Eye,NuO,0.0521210420837571
Eye,SkO,0.266328645235602
Eye,URO,0.119495690668356
Eye,RIn,0.346697190378971
Eye,SIn,0.206595568746635
Eye,Bac,0.207820693826392
Eye,Bac,0.207820693826392
Eye,Spr,0.257558615103901
Eye,SuIj,0.354084493051035
Eye,Lup,0.84998591024545
Eye,UGI,0.101479925428687
Eye,Vir,0.262062707900666
Eye,DM,0.425871010096317
Eye,Gen,0.12258134236552
Ele,Her,0.112054419727751
Ele,Ane,1.01889664581865
Ele,Bac,0.849864207882819
Ele,Bac,0.849864207882819
Ele,Bil,0.760836813271667
Ele,Bur,0.312080445745481
Ele,NIn,1.04452285146505
Ele,CVD,0.202684561456968
Ele,COPD,0.338346683379801
Ele,Ulc,0.618873603270834
Ele,Coag,1.35832156230756
Ele,Coma,0.716820842406208
Ele,CIj,0.485482498161689
Ele,Art,0.50487331202009
Ele,Hea,0.675876784958678
Ele,Uri,0.895359391554051
Ele,WBC,1.47934409869
Ele,Lip,0.101329764228994
Ele,Ep,0.727243480898444
Ele,Fr,0.181354846214032
Ele,GIH,0.474033750072257
Ele,Gou,0.3126243709994
Ele,HTN,0.846681142204573
Ele,ArI,0.815390463896997
Ele,IIn,1.73452915307811
Ele,Liv,0.828987166426985
Ele,LGI,0.527020199091646
Ele,Gas,1.44115120422481
Ele,Wou,0.193375873494401
Ele,GIO,0.541635779226551
Ele,HeO,0.742612864327669
Ele,InO,0.369152649731721
Ele,IjO,0.282317163087701
Ele,LRO,0.0727674936606753
Ele,NuO,0.188677239263412
Ele,Pan,2.04031855791268
Ele,Par,0.454321519321118
Ele,Ple,1.24259221450955
Ele,Poi,0.984969710500521
Ele,RF,1.40558188630189
Ele,RIn,0.412620597372769
Ele,SIn,0.472699922190684
Ele,Spi,0.356982327899743
Ele,SuIj,0.230397588537688
Ele,Lup,0.50993778877109
Ele,UGI,0.24181358554722
Ele,Vir,0.34576979640265
Ele,DM,0.435236362906816
Fr,Her,0.0817523495892899
Fr,Def,0.290485693023851
Fr,Bur,0.735559478817737
Fr,CVD,0.268224758713611
Fr,COPD,0.257949206068376
Fr,Ulc,0.424737037744451
Fr,Coma,0.208711614890932
Fr,CIj,1.39069336090402
Fr,Vei,0.0727082164797183
Fr,Jaw,0.27216666815008
Fr,Ear,0.118398058092528
Fr,Ep,0.322933984715293
Fr,Eye,0.181899966931171
Fr,GIH,0.116790979468471
Fr,HA,0.0308381008490012
Fr,ArI,0.648910524123691
Fr,BIj,0.127789174719337
Fr,TJ,0.551699958863349
Fr,Myc,0.206014582986394
Fr,NTJ,0.325703252833243
Fr,Gas,0.285049470690514
Fr,Wou,0.772130504985174
Fr,Ost,1.14981098879591
Fr,Bone,0.32247750469489
Fr,Con,0.232713839640627
Fr,Con,0.232713839640627
Fr,InO,0.213886193957455
Fr,IjO,0.729569255365228
Fr,NSO,0.0467282736510503
Fr,SkO,0.169854323167983
Fr,URO,0.03953232538544
Fr,Par,0.738119458360091
Fr,PFr,1.69264480340926
Fr,Poi,0.239717768955807
Fr,RIn,0.436929164562602
Fr,SIn,0.408370394145808
Fr,Spi,1.29316679913422
Fr,Spr,0.695871833646472
Fr,SuIj,0.973946851078033
Fr,Vir,0.310103280937728
Fr,Gen,0.052897699319358
GIH,Her,0.379163133759687
GIH,Ane,0.501575811380591
GIH,Ast,0.126054462009113
GIH,Bil,0.162435243493315
GIH,Bur,0.217737170106226
GIH,Art,0.0624571208752062
GIH,Hea,0.208134539628572
GIH,Uri,0.08226564283438
GIH,Vei,1.26061249752264
GIH,Lip,0.0335907075213946
GIH,Jaw,0.12615857031432
GIH,Ear,0.125220455869502
GIH,Eye,0.0614258792481803
GIH,Ele,0.10211772491163
GIH,Fr,0.107654237500795
GIH,HA,0.15602989922819
GIH,HTN,0.0454113202444102
GIH,IIn,0.260192034874925
GIH,TJ,0.185691028898339
GIH,Liv,0.297572921041214
GIH,LGI,0.99393066804177
GIH,Myc,0.0999047050258261
GIH,NTJ,0.119614960704036
GIH,Gas,0.937370237190343
GIH,GIO,0.966770843894653
GIH,IjO,0.132081619089027
GIH,SkO,0.139103642321817
GIH,Pan,0.52089982193387
GIH,RIn,0.33757152913138
GIH,SIn,0.124983715710645
GIH,Bac,0.157425674497295
GIH,Bac,0.157425674497295
GIH,Spr,0.192303093900981
GIH,SuIj,0.148671001138628
GIH,UGI,0.614850041596229
GIH,Vir,0.280142471986357
GIH,Neo,0.141510214124863
GIH,Gen,0.13604215045525
Gou,Def,0.134420111420058
Gou,Ast,0.165551026626967
Gou,Uri,0.129291487200123
Gou,Lip,0.632916766136029
Gou,HTN,1.07707935607976
Gou,TJ,0.284070374501789
Gou,Liv,0.474448439621109
Gou,NTJ,0.530503980619031
Gou,Con,0.200300278304861
Gou,Con,0.200300278304861
Gou,InO,0.208535992852379
Gou,NuO,0.556564265784887
Gou,RIn,0.117155649039446
Gou,SIn,0.303724708748629
Gou,Spr,0.286456286003938
Gou,Thy,0.140586088475701
Gou,UGI,0.182419850072621
Gou,DM,0.258020809873035
HA,Def,0.0392884169561752
HA,Ast,0.189460111535818
HA,Bur,0.235438904501065
HA,NIn,0.597246335875781
HA,CVD,0.373400205255102
HA,CIj,0.356115222195731
HA,Hea,0.0956326980472391
HA,Jaw,0.183433835358811
HA,Ear,0.517662890065795
HA,Ep,0.458369156755506
HA,Eye,0.239860511929039
HA,Fr,0.0442301085012279
HA,GIH,0.103412499033987
HA,BIj,1.07101293095983
HA,TJ,0.272788712136696
HA,NTJ,0.342108188465225
HA,Gas,0.276106898038477
HA,Bone,0.0880981633509678
HA,GIO,0.121261749762572
HA,InO,0.126495729836917
HA,IjO,0.381534502963578
HA,NSO,0.277400444099581
HA,URO,0.11435878653322
HA,RIn,0.349789221818752
HA,Bac,0.576872999074562
HA,Bac,0.576872999074562
HA,Spr,0.262023407184018
HA,SuIj,0.170788380041169
HA,UGI,0.251442123028954
HA,Vir,0.0681152239594697
HA,Gen,0.0443522822824965
NSC,Def,0.0882885016381396
NSC,Ast,0.142257782298963
NSC,Bur,0.249698844238191
NSC,NIn,1.08290498547587
NSC,CVD,0.604020029131803
NSC,Ulc,0.812026577513419
NSC,Coma,0.619640867750299
NSC,CIj,0.49394724770496
NSC,Uri,0.0777235747059293
NSC,Lip,0.0415459741753572
NSC,Jaw,0.0920968199792613
NSC,Ear,0.272358515384681
NSC,Ep,0.749735210150475
NSC,Eye,0.228425108389154
NSC,Fr,0.107987503013827
NSC,HA,0.542791481681406
NSC,HTN,0.0438614635137122
NSC,BIj,0.630958128029861
NSC,TJ,0.118561838914266
NSC,NTJ,0.112741732218905
NSC,Con,0.161428087067718
NSC,Con,0.161428087067718
NSC,GIO,0.191344105115314
NSC,IjO,0.233313448009163
NSC,NSO,0.952832085917661
NSC,URO,0.0413416404777578
NSC,Par,1.55824657266201
NSC,Poi,0.158330476621951
NSC,Spi,1.71584297906923
NSC,Bac,0.300182635736986
NSC,Bac,0.300182635736986
NSC,Spr,0.0489488065779385
NSC,Lup,0.245691310872462
NSC,UGI,0.149009052779109
HTN,Ast,0.144048858160088
HTN,Bur,0.369437365671982
HTN,CVD,0.360095624141898
HTN,COPD,0.138128293600626
HTN,CIj,0.252125900063542
HTN,Art,1.10615393388322
HTN,Hea,0.417527974462126
HTN,Uri,0.0565777167499916
HTN,Lip,0.747653044477838
HTN,Ear,0.0270987107871796
HTN,Ep,0.149201460240192
HTN,Ele,0.252763551761317
HTN,GIH,0.0694213248756117
HTN,Gou,0.522199689798671
HTN,HA,0.110809842666139
HTN,TJ,0.0682328794384705
HTN,Liv,0.464757348168932
HTN,NTJ,0.0451307193387418
HTN,Gas,0.0902069641271726
HTN,End,0.13986624046354
HTN,InO,0.212541030118384
HTN,IjO,0.0721290178854683
HTN,NuO,0.534782849330885
HTN,Pan,0.45747333416818
HTN,Poi,0.260245534327731
HTN,RIn,0.15455140167624
HTN,SIn,0.193089661756038
HTN,Bac,0.0759510271649628
HTN,Bac,0.0759510271649628
HTN,Lup,0.392263543754551
HTN,Thy,0.103595559735461
HTN,UGI,0.31951244965824
HTN,DM,0.890206973960861
Imm,Ast,0.608119587955692
Imm,NIn,0.842842321608613
Imm,COPD,0.898797291647088
Imm,Hea,0.305433449664172
Imm,Uri,0.190152743625636
Imm,WBC,0.564140559879535
Imm,Eye,0.541786115239819
Imm,Liv,0.39798439656653
Imm,Ost,0.818175834111186
Imm,InO,5.00175997632751
Imm,SInf,0.38478281241897
Imm,LRO,1.61975099019542
Imm,URO,0.205733291665735
Imm,Ple,0.336449123429655
Imm,RIn,0.433882960430804
Imm,SIn,0.197686553646348
Imm,Lup,1.32381007899869
Imm,Vir,0.438974593021855
ArI,Def,0.55393969271251
ArI,Ane,0.52319958625471
ArI,Bac,2.49197420984814
ArI,Bac,2.49197420984814
ArI,Bur,1.19822859899781
ArI,NIn,1.55277172679388
ArI,Ulc,3.01742125206279
ArI,CIj,1.3021122246012
ArI,Uri,0.316649096431596
ArI,Jaw,0.21753272709971
ArI,Fr,1.43557702791891
ArI,Gou,0.594395856139696
ArI,TJ,0.689684530208111
ArI,NTJ,0.456146371637158
ArI,Wou,1.56471436409963
ArI,Bone,0.626805050917754
ArI,Con,0.708706650321153
ArI,Con,0.708706650321153
ArI,InO,1.0146595980577
ArI,IjO,0.850097782140039
ArI,NSO,0.348771770044128
ArI,Par,1.93626573415547
ArI,PFr,0.723191814200344
ArI,SIn,1.99780739386689
ArI,Spi,2.29205403149916
ArI,Spr,0.296705366553811
ArI,SuIj,0.495167015785733
ArI,Vir,0.326003688635606
IIn,Her,0.14128815883592
IIn,Ane,0.629619857294647
IIn,Bac,0.959035195065346
IIn,Bac,0.959035195065346
IIn,Bil,0.523849065777119
IIn,Bur,0.42214623030248
IIn,COPD,0.168352727700893
IIn,Ulc,0.333111578191361
IIn,Coag,0.392562394648622
IIn,Art,0.170822544190273
IIn,Hea,0.373548814733727
IIn,Uri,0.640617044415934
IIn,WBC,0.978960098382469
IIn,Jaw,0.100710561699873
IIn,Ep,0.243492412656873
IIn,Ele,1.81568857579288
IIn,Fr,0.229812805560686
IIn,GIH,0.691781879526599
IIn,HA,0.109870066896306
IIn,ArI,0.359377761159755
IIn,Liv,0.333019858326495
IIn,LGI,1.12350391358661
IIn,Gas,2.11495769283174
IIn,GIO,1.32748852630736
IIn,InO,0.445322778757856
IIn,IjO,0.281623362783908
IIn,Pan,0.960467020021106
IIn,Par,0.551979141019261
IIn,Ple,0.321123318647472
IIn,Poi,0.418100753255912
IIn,RIn,0.620734816066611
IIn,SIn,0.407304963260539
IIn,Spi,0.830321779417645
IIn,Spr,0.149230924725752
IIn,UGI,0.459339330862856
IIn,Vir,0.41906446205243
BIj,Bur,0.438109951545532
BIj,CVD,0.758541921846012
BIj,Coma,0.329235925655677
BIj,CIj,1.06499476043929
BIj,Jaw,0.217759770259936
BIj,Ear,0.777694304733902
BIj,Ep,0.82664036615039
BIj,Eye,0.386517590670229
BIj,Fr,0.368992958503801
BIj,HA,1.38234239234029
BIj,NSC,0.0886024456395502
BIj,TJ,0.344035313133817
BIj,NTJ,0.248578792677272
BIj,Wou,0.210566471998228
BIj,IjO,0.761860202229239
BIj,NSO,0.472371171677124
BIj,Par,0.705961154799579
BIj,Spi,0.634682406642166
BIj,Bac,0.453669539124368
BIj,Bac,0.453669539124368
BIj,Spr,0.218471989236298
BIj,SuIj,0.158753537223462
TJ,Def,0.415594826569711
TJ,Ast,0.076782278632503
TJ,Bur,0.255642071586741
TJ,CIj,0.585038351958532
TJ,Jaw,0.171673624501401
TJ,Ear,0.232967769220399
TJ,Eye,0.0794641889842765
TJ,Fr,0.588131514988522
TJ,HA,0.21650744854042
TJ,Myc,0.0965667277828373
TJ,NTJ,1.55241913512524
TJ,Bone,0.638889926233476
TJ,Con,0.496478244724568
TJ,Con,0.496478244724568
TJ,IjO,0.756623887786857
TJ,SkO,0.0437803813794447
TJ,RIn,0.17519237825983
TJ,Bac,0.203598604955282
TJ,Bac,0.203598604955282
TJ,Spr,0.99169580849383
TJ,SuIj,0.393921194793764
TJ,Vir,0.0635658086120464
Liv,Her,0.103170983087617
Liv,Ane,0.234635442392265
Liv,Ast,0.107923182878451
Liv,Bac,0.105694778391602
Liv,Bac,0.105694778391602
Liv,Bil,1.22744316833011
Liv,Coag,0.78753034030999
Liv,Art,0.300284688108778
Liv,Hea,0.212439377085642
Liv,Uri,0.205952946162614
Liv,WBC,0.464301714896826
Liv,Lip,0.748572007427941
Liv,Jaw,0.0780015038387143
Liv,Ear,0.0375928811106205
Liv,Ep,0.10606491462957
Liv,Ele,0.558088949113198
Liv,GIH,0.343830723677807
Liv,Gou,0.373023665629432
Liv,HTN,0.501492975274628
Liv,TJ,0.0718329288697346
Liv,LGI,0.164967535591024
Liv,Myc,0.0886416759490926
Liv,NTJ,0.10822431573483
Liv,Gas,0.372874767235788
Liv,GIO,0.243201627109225
Liv,HeO,0.610194728220423
Liv,InO,0.364434902538284
Liv,SInf,0.092965587205097
Liv,IjO,0.0840819909850768
Liv,NuO,0.621420916812852
Liv,SkO,0.0595213984479584
Liv,Pan,1.25213412247358
Liv,Ple,0.207967076583764
Liv,Poi,0.329682759629932
Liv,RIn,0.195551420442658
Liv,SIn,0.0901176125210044
Liv,Bac,0.0907141684221918
Liv,Bac,0.0907141684221918
Liv,Spr,0.0424979069098979
Liv,Lup,0.287067487325679
Liv,Thy,0.157829145539956
Liv,UGI,0.340165315472388
Liv,Vir,0.512089702202674
Liv,DM,0.456868507443477
LGI,Her,0.572487035644583
LGI,Ane,0.244051361768328
LGI,Bac,0.211668700829519
LGI,Bac,0.211668700829519
LGI,Bil,0.586737947848349
LGI,CIj,0.384215293258606
LGI,Hea,0.117421466677751
LGI,Uri,0.186214187875489
LGI,Vei,1.40262141542694
LGI,WBC,0.139712884984028
LGI,Lip,0.0794347133274729
LGI,Jaw,0.0876565408549329
LGI,GIH,1.64643551651126
LGI,HTN,0.0726946920724682
LGI,IIn,0.447853277495139
LGI,TJ,0.0882193713517107
LGI,Liv,0.290937059972859
LGI,Myc,0.111833848830511
LGI,Gas,1.61220991693504
LGI,GIO,0.999283387249702
LGI,SkO,0.138763898866757
LGI,Pan,0.500007236231366
LGI,RIn,0.292803341782806
LGI,SIn,0.486999681885394
LGI,Spr,0.152609320571487
LGI,SuIj,0.0959000683934164
LGI,UGI,0.433994062494084
LGI,Vir,0.323251194865155
LGI,Neo,0.716848771745334
LGI,Gen,0.143327032646334
Myc,Def,0.505060243239774
Myc,Ast,0.0574014803148054
Myc,Bac,0.144305672181558
Myc,Bac,0.144305672181558
Myc,Bur,0.362564213923649
Myc,COPD,0.127191606426107
Myc,Ulc,0.270251298703257
Myc,CIj,0.171894809208747
Myc,Uri,0.0722795666763787
Myc,Vei,0.11044183047937
Myc,Lip,0.0742014107938678
Myc,Jaw,0.27429495178819
Myc,Ear,0.175838237608373
Myc,Eye,0.245453998817839
Myc,Fr,0.174477164371457
Myc,GIH,0.141117340885159
Myc,ArI,0.304642880980365
Myc,TJ,0.201736647794984
Myc,Liv,0.112450710692331
Myc,NTJ,0.180825467911017
Myc,Gas,0.0873601888909602
Myc,Con,0.0842520611279455
Myc,Con,0.0842520611279455
Myc,InO,0.340983839381112
Myc,SInf,0.488069245224152
Myc,IjO,0.18042165339745
Myc,NuO,0.0621038145624442
Myc,SkO,0.950253169465497
Myc,URO,0.0945340355737541
Myc,Par,0.151451145234935
Myc,RIn,0.42897661285842
Myc,SIn,0.548570897034315
Myc,Bac,0.0736597466009562
Myc,Bac,0.0736597466009562
Myc,Spr,0.233672676922871
Myc,SuIj,0.269152659063058
Myc,UGI,0.0533626854154278
Myc,Vir,0.567298075451614
Myc,DM,0.167435589144839
Myc,Gen,0.254710539030832
NTJ,Her,0.0734347553006642
NTJ,Def,0.454105116863646
NTJ,Ast,0.137052846986729
NTJ,Bur,0.160903932864388
NTJ,CIj,0.321450000215653
NTJ,Lip,0.135555504403372
NTJ,Jaw,0.178866701781981
NTJ,Ear,0.27959296675617
NTJ,Eye,0.0756624516670083
NTJ,Fr,0.504732940467622
NTJ,GIH,0.0722660938150024
NTJ,Gou,0.0983686886884219
NTJ,HA,0.306013204657694
NTJ,HTN,0.0432694073041426
NTJ,TJ,1.34750610423213
NTJ,Myc,0.218754133405163
NTJ,Bone,0.315275609762257
NTJ,Con,0.578557080273614
NTJ,Con,0.578557080273614
NTJ,SInf,0.0497225670723903
NTJ,IjO,0.509233494988321
NTJ,NSO,0.151052220653361
NTJ,NuO,0.0246504705922121
NTJ,SkO,0.168078929620004
NTJ,URO,0.147309893683435
NTJ,RIn,0.307930691651141
NTJ,SIn,0.0871583550055269
NTJ,Bac,0.608277267974338
NTJ,Bac,0.608277267974338
NTJ,Spr,0.837403013872597
NTJ,SuIj,0.404426757592025
NTJ,UGI,0.19043246653668
NTJ,Vir,0.163462349159572
NTJ,Gen,0.131353616380779
Gas,Her,0.381093889666607
Gas,Ane,0.13299738794969
Gas,Ast,0.20903527648483
Gas,Bil,0.409409600787368
Gas,Bur,0.311911401645968
Gas,COPD,0.279391935782182
Gas,Hea,0.153247088642979
Gas,Uri,0.224518141256035
Gas,Vei,0.481379254213186
Gas,WBC,0.482861087956063
Gas,Jaw,0.159286296864906
Gas,Ear,0.096765015551193
Gas,Ele,1.12283820973178
Gas,Fr,0.0873503085636661
Gas,GIH,1.14129771240931
Gas,HA,0.160448572879326
Gas,IIn,1.59543991015846
Gas,TJ,0.113814161154353
Gas,Liv,0.226702568851324
Gas,LGI,1.61254669757753
Gas,Myc,0.143400333986007
Gas,GIO,1.42123367124622
Gas,InO,0.317888411024379
Gas,IjO,0.105509665826976
Gas,SkO,0.109656218427315
Gas,Pan,0.484389773897432
Gas,RIn,0.770405546616981
Gas,SIn,0.264880082127008
Gas,Bac,0.062803215492481
Gas,Bac,0.062803215492481
Gas,Spr,0.323474591268393
Gas,SuIj,0.352043628249458
Gas,UGI,0.586793045908048
Gas,Vir,0.319918810560324
Gas,Neo,0.0842747249393302
Nut,Ane,0.56858739448081
Nut,Ast,0.0496184224648301
Nut,Art,0.178087895920763
Nut,Lip,0.758228983823457
Nut,Ear,0.133651607831238
Nut,Eye,0.0850872209333558
Nut,GIH,0.0750012426202762
Nut,Gou,0.0956960372578313
Nut,HA,0.135403405308723
Nut,HTN,0.228262330366808
Nut,TJ,0.0834322344170216
Nut,Liv,0.401323545088833
Nut,Myc,0.16505138671913
Nut,NTJ,0.281807911902584
Nut,Ost,0.434383287989822
Nut,End,0.406522325354419
Nut,GIO,0.061705959100335
Nut,NuO,0.478353623508429
Nut,SkO,0.0805990990330632
Nut,URO,0.123354724901351
Nut,Par,0.212970576770755
Nut,RIn,0.0691591934693538
Nut,Spi,0.313095710088399
Nut,Bac,0.233589005823717
Nut,Bac,0.233589005823717
Nut,Thy,0.375633404536514
Nut,UGI,0.199228839093162
Nut,Vir,0.103412822428239
Nut,DM,0.27689918537299
Nut,Gen,0.128245607472253
Wou,Def,0.291482690531418
Wou,Bac,0.45855955769486
Wou,Bac,0.45855955769486
Wou,Bur,1.32916915467787
Wou,Ulc,1.58120447713879
Wou,CIj,1.4621398450076
Wou,Jaw,0.402632185825769
Wou,Ear,0.113769679211555
Wou,Ep,0.2649370841465
Wou,Eye,0.262644243457277
Wou,Fr,0.967688573142814
Wou,GIH,0.0838530695097594
Wou,ArI,1.46712234459951
Wou,BIj,0.0568238090523168
Wou,TJ,0.31105747620892
Wou,Myc,0.213118889705535
Wou,NTJ,0.0644975649541453
Wou,Gas,0.283203692691438
Wou,Bone,0.239211805485773
Wou,Con,0.427752743396312
Wou,Con,0.427752743396312
Wou,InO,0.280495529942666
Wou,IjO,0.890663580143621
Wou,NSO,0.126036738712835
Wou,SkO,0.328059745177466
Wou,Par,0.731175198506361
Wou,Poi,0.404638268844326
Wou,RIn,0.421211915779111
Wou,SIn,1.1526771866815
Wou,Spi,0.894597168768616
Wou,Spr,0.533688951436981
Wou,SuIj,1.1134481386355
Wou,Vir,0.257021977726373
Ost,Ane,0.23506188864473
Ost,NIn,0.827521822676625
Ost,COPD,0.38242769966971
Ost,Ulc,1.35563554128323
Ost,Coma,0.557865230446857
Ost,CIj,0.889313043084116
Ost,Uri,0.232401542668572
Ost,Jaw,0.249350789316017
Ost,Ep,0.83033633274132
Ost,Ele,0.208671296100769
Ost,Fr,1.22373448357746
Ost,NSC,0.227075755474063
Ost,Imm,0.706132865778946
Ost,ArI,0.934582910077325
Ost,IIn,0.69749120793317
Ost,Liv,0.180976771130105
Ost,LGI,0.251651546873563
Ost,NTJ,0.166878430930923
Ost,Gas,0.397042093747362
Ost,Nut,0.216262744984206
Ost,Bone,1.63919934758448
Ost,End,1.11063792473386
Ost,GIO,0.283783825363431
Ost,InO,0.616728267714602
Ost,SInf,0.26950175642845
Ost,IjO,0.253426446014487
Ost,NSO,0.297357214537155
Ost,Pan,0.496579622166873
Ost,Par,1.91589653442306
Ost,PFr,1.91212165402631
Ost,RIn,0.160598572598435
Ost,Spi,2.50907701411125
Ost,Bac,0.297193689813327
Ost,Bac,0.297193689813327
Ost,Lup,1.57313170817164
Ost,Thy,0.19186361336373
Ost,UGI,0.201796275968568
Ost,Vir,0.201485679041342
Bone,Def,0.6993306663012
Bone,Bur,0.359742602622606
Bone,Ulc,0.327209366463239
Bone,CIj,0.450819198968676
Bone,Hea,0.0374930241645108
Bone,Jaw,0.255118736720546
Bone,Ear,0.206031093533657
Bone,Eye,0.0509748715228858
Bone,Fr,0.641207727976055
Bone,HA,0.22656741343207
Bone,ArI,1.02759801945378
Bone,TJ,1.0673884648436
Bone,NTJ,0.721298502756727
Bone,Wou,0.730283569709488
Bone,Ost,1.55448374172404
Bone,Con,0.741629259072809
Bone,Con,0.741629259072809
Bone,IjO,0.392779557421154
Bone,NSO,0.263041401539346
Bone,SkO,0.0545864869669178
Bone,PFr,0.386420933490575
Bone,RIn,0.16436496204565
Bone,Bac,1.14539457946959
Bone,Bac,1.14539457946959
Bone,Spr,0.661153903388304
Bone,SuIj,0.165764063697936
Bone,Vir,0.0577360936900439
Bone,Con,0.08762035862939
Bone,Con,0.08762035862939
Con,Def,1.06528262713284
Con,Def,1.06528262713284
Con,Ast,0.0767043050331535
Con,Ast,0.0767043050331535
Con,Bur,0.359547945879564
Con,Bur,0.359547945879564
Con,CIj,0.539769104411626
Con,CIj,0.539769104411626
Con,Vei,0.0615910778471656
Con,Vei,0.0615910778471656
Con,Lip,0.0365470112824584
Con,Lip,0.0365470112824584
Con,Jaw,0.173453050997416
Con,Jaw,0.173453050997416
Con,Ear,0.194791884214764
Con,Ear,0.194791884214764
Con,Eye,0.129534434549169
Con,Eye,0.129534434549169
Con,Fr,0.577261651520827
Con,Fr,0.577261651520827
Con,GIH,0.043752569417152
Con,GIH,0.043752569417152
Con,HA,0.201445577438526
Con,HA,0.201445577438526
Con,ArI,0.391767808310548
Con,ArI,0.391767808310548
Con,TJ,0.715277911660518
Con,TJ,0.715277911660518
Con,Myc,0.28989456536762
Con,Myc,0.28989456536762
Con,NTJ,1.00006539979051
Con,NTJ,1.00006539979051
Con,Wou,0.364353114894112
Con,Wou,0.364353114894112
Con,Bone,0.704760698486649
Con,Bone,0.704760698486649
Con,SInf,0.0577506166107366
Con,SInf,0.0577506166107366
Con,IjO,0.50381506791053
Con,IjO,0.50381506791053
Con,NSO,0.40335546971303
Con,NSO,0.40335546971303
Con,SkO,0.283186234998197
Con,SkO,0.283186234998197
Con,URO,0.0945963319211146
Con,URO,0.0945963319211146
Con,Par,0.663503152308755
Con,Par,0.663503152308755
Con,PFr,0.223669799470594
Con,PFr,0.223669799470594
Con,RIn,0.344528106191467
Con,RIn,0.344528106191467
Con,SIn,0.239270143459878
Con,SIn,0.239270143459878
Con,Spi,0.634758309685644
Con,Spi,0.634758309685644
Con,Bac,0.521861143035925
Con,Bac,0.521861143035925
Con,Bac,0.521861143035925
Con,Bac,0.521861143035925
Con,Spr,0.801853644630337
Con,Spr,0.801853644630337
Con,SuIj,0.501212267626757
Con,SuIj,0.501212267626757
Con,UGI,0.091456167950664
Con,UGI,0.091456167950664
Con,Vir,0.191674446990818
Con,Vir,0.191674446990818
Con,Con,0.374325801800178
Con,Con,0.374325801800178
Con,Con,0.374325801800178
Con,Con,0.374325801800178
Con,Gen,0.0825310483045973
Con,Gen,0.0825310483045973
End,Ast,0.162931360272135
End,CIj,0.214720217850723
End,Lip,0.418047786719837
End,Ear,0.17828407264
End,GIH,0.110373536095334
End,HA,0.29619177648661
End,HTN,0.375983004034133
End,TJ,0.204654429343273
End,Liv,0.242491923176155
End,NTJ,0.187980992070917
End,Ost,0.561548493763509
End,Bone,0.0919633873252112
End,NSO,0.107065866050704
End,NuO,0.468810584915919
End,SkO,0.112203748450396
End,URO,0.066742630826821
End,RIn,0.161470120611135
End,Bac,0.282539864527305
End,Bac,0.282539864527305
End,Spr,0.089827873285771
End,Thy,0.614803447691403
End,UGI,0.205553041324577
End,Vir,0.0547876608689365
End,DM,0.237424789872468
End,Gen,0.909984868168423
GIO,Her,0.534448381673794
GIO,Ane,0.29790892740847
GIO,Ast,0.147142375180841
GIO,Bac,0.269714201845845
GIO,Bac,0.269714201845845
GIO,Bil,0.715509049757999
GIO,Bur,0.257908850349612
GIO,NIn,0.27831958662726
GIO,CVD,0.203676441622521
GIO,COPD,0.235946155385778
GIO,Ulc,0.291236010407275
GIO,Coag,0.149960474307427
GIO,Coma,0.158524589964913
GIO,CIj,0.369829639367537
GIO,Art,0.0552620494430935
GIO,Hea,0.254227034698222
GIO,Uri,0.316978429684108
GIO,Vei,0.510129108364465
GIO,WBC,0.248754872381121
GIO,Jaw,0.154929314225935
GIO,Ear,0.158526297952275
GIO,Ep,0.0653096725985141
GIO,Ele,0.413568834857301
GIO,Fr,0.0857591884420626
GIO,GIH,1.09156511771343
GIO,HA,0.24567975352068
GIO,IIn,0.93356194656983
GIO,TJ,0.10124957038516
GIO,Liv,0.303684566803036
GIO,LGI,0.902583711843522
GIO,Myc,0.167468075880457
GIO,NTJ,0.116744367870008
GIO,Gas,1.33925025364313
GIO,Ost,0.181384008455923
GIO,InO,0.223286649895937
GIO,IjO,0.170845006452936
GIO,LRO,0.143012377468364
GIO,NSO,0.054298767107251
GIO,SkO,0.171605444295507
GIO,URO,0.176717045731624
GIO,Pan,0.720911264993989
GIO,Par,1.36211010365922
GIO,Ple,0.37886966101885
GIO,RIn,0.472829005657297
GIO,SIn,0.175521131828708
GIO,Spi,1.71330066015499
GIO,Bac,0.185450543297078
GIO,Bac,0.185450543297078
GIO,Spr,0.126076102746967
GIO,SuIj,0.100259896639893
GIO,Lup,0.215101162684101
GIO,UGI,0.788234012895526
GIO,Vir,0.281194569916291
GIO,Neo,0.151856688807448
GIO,Gen,0.221610040568764
HeO,Her,0.197256823688503
HeO,Ane,0.901638193749296
HeO,Bil,0.384234710038904
HeO,Coag,1.47539569069729
HeO,CIj,0.828827025695868
HeO,Art,0.213658113258495
HeO,Hea,0.323595584011656
HeO,Uri,0.286353342088311
HeO,Vei,0.382235666460766
HeO,WBC,1.20551347769199
HeO,Lip,0.378656813629158
HeO,Ele,0.558930290672261
HeO,Fr,0.235709973620818
HeO,GIH,0.372298438530988
HeO,HTN,0.35451746533389
HeO,Liv,0.89546979349201
HeO,LGI,0.13988184700714
HeO,Myc,0.16217738620458
HeO,End,0.659548469057175
HeO,GIO,0.258777630422833
HeO,NuO,0.132483372290507
HeO,Pan,0.925912683315843
HeO,Ple,0.32727227481053
HeO,Poi,0.267948742678445
HeO,RIn,0.0948789427006756
HeO,UGI,0.226624745343636
HeO,Vir,0.25101225001338
HeO,Neo,0.301682901527043
HeO,Gen,0.117050629811382
InO,Ast,0.142783283256191
InO,Bac,0.93127694398725
InO,Bac,0.93127694398725
InO,Bil,0.303533947569667
InO,Bur,0.491239455792015
InO,NIn,1.37235081403231
InO,COPD,0.444048502114864
InO,Coag,0.490740742009896
InO,CIj,0.592475145743956
InO,Hea,0.175512554741669
InO,Uri,0.258359127206281
InO,WBC,0.428704495917544
InO,Jaw,0.223496729392201
InO,Eye,0.100694439483504
InO,Ele,0.165467634800093
InO,Fr,0.35996069021544
InO,GIH,0.13501607662484
InO,ArI,1.5534332598751
InO,IIn,0.661376887373581
InO,TJ,0.144914092109674
InO,Liv,0.284830989912803
InO,Myc,0.386555677908792
InO,Gas,0.561643572360649
InO,Wou,0.174703593084522
InO,GIO,0.157809868239218
InO,SInf,0.433823774531892
InO,IjO,0.347387275998562
InO,LRO,0.324649429480815
InO,SkO,0.522887265279165
InO,Poi,0.364464205007802
InO,RIn,0.485965858950046
InO,SIn,0.888793382218901
InO,Spr,0.173509743495715
InO,SuIj,0.474468080264551
InO,Vir,1.13199053936403
InO,Gen,0.291876184413766
SInf,Def,0.122597181277001
SInf,Ast,0.146364416112692
SInf,Bur,0.402344811469538
SInf,Vei,0.218226769580533
SInf,Jaw,0.273435462341597
SInf,Ear,0.16389784801046
SInf,Eye,0.192599234542405
SInf,GIH,0.220755629937549
SInf,HA,0.080159219700316
SInf,TJ,0.140199640164188
SInf,Liv,0.145400082345001
SInf,LGI,0.11073523590982
SInf,Myc,0.767518333247788
SInf,NTJ,0.123996834360293
SInf,Gas,0.228302844817813
SInf,GIO,0.127171301407253
SInf,InO,0.463092954276024
SInf,IjO,0.11827634537329
SInf,SkO,1.30504019782133
SInf,URO,0.205054406464338
SInf,RIn,0.317846953602625
SInf,SIn,0.501177610000115
SInf,Bac,0.0572741019604853
SInf,Bac,0.0572741019604853
SInf,Spr,0.192327783516702
SInf,SuIj,0.197652715204994
SInf,Lup,1.25608062467884
SInf,UGI,0.109539879232277
SInf,Vir,0.617175670584085
SInf,Neo,0.102558757790957
SInf,Gen,0.168648553685479
IjO,Def,0.159936828788285
IjO,Ast,0.0853710458478466
IjO,Bac,0.517007540377342
IjO,Bac,0.517007540377342
IjO,Bur,0.797586495627628
IjO,NIn,0.36425914829194
IjO,CVD,0.207953938039576
IjO,COPD,0.227323909805041
IjO,Ulc,0.414594803878867
IjO,Coma,0.414005054828878
IjO,CIj,1.1830991658264
IjO,Hea,0.101565710587234
IjO,Uri,0.0685528856632172
IjO,Jaw,0.269776455707918
IjO,Ear,0.272956988442142
IjO,Ep,0.335159975629194
IjO,Eye,0.23623163805306
IjO,Ele,0.136457340168463
IjO,Fr,0.822342206598591
IjO,GIH,0.129187236992042
IjO,HA,0.272395011601298
IjO,ArI,0.527514456216707
IjO,BIj,0.36305591059695
IjO,TJ,0.635792965488525
IjO,Myc,0.155468871005849
IjO,NTJ,0.419225410845072
IjO,Gas,0.227765619708166
IjO,Wou,0.763207917075187
IjO,Bone,0.154597170315538
IjO,Con,0.26808256565522
IjO,Con,0.26808256565522
IjO,InO,0.153266061226592
IjO,NSO,0.270436534410991
IjO,SkO,0.0925173385091445
IjO,Par,0.861889636673088
IjO,PFr,0.253202854574445
IjO,Ple,0.205557126498406
IjO,Poi,0.348915802769756
IjO,RF,0.18691940919303
IjO,RIn,0.388837348985292
IjO,SIn,0.367948807084253
IjO,Spi,0.731349166608352
IjO,Bac,0.138841036582574
IjO,Bac,0.138841036582574
IjO,Spr,0.730289262125619
IjO,SuIj,0.865775503070985
IjO,Vir,0.21786868729705
LRO,Her,0.12327027863397
LRO,Ast,0.755638590996689
LRO,Bur,0.288702908778565
LRO,COPD,1.21428545035953
LRO,CIj,0.13538305868067
LRO,Art,0.228889786181663
LRO,Hea,0.682067185844633
LRO,Uri,0.102018115477207
LRO,Vei,0.0724697731796331
LRO,Lip,0.0768405469506166
LRO,Jaw,0.08985932017117
LRO,Ear,0.229248007566091
LRO,Eye,0.0542119766586335
LRO,Fr,0.055226308687262
LRO,GIH,0.222568009718661
LRO,HA,0.190252485978451
LRO,HTN,0.0989888647740457
LRO,TJ,0.1683215899607
LRO,Liv,0.191546019750109
LRO,Myc,0.214298838779466
LRO,NTJ,0.202833297920162
LRO,Gas,0.297145934677606
LRO,Bone,0.0562490144074878
LRO,GIO,0.202402094185635
LRO,InO,0.459964005060586
LRO,IjO,0.163491294382028
LRO,NuO,0.168203010185454
LRO,SkO,0.217831234683782
LRO,URO,0.458553658587778
LRO,Ple,0.946065993887596
LRO,RIn,1.07757830951795
LRO,SIn,0.19216347172388
LRO,Bac,0.158130150174918
LRO,Bac,0.158130150174918
LRO,Spr,0.270526126436222
LRO,SuIj,0.215267453126192
LRO,Lup,0.312447097855029
LRO,UGI,0.21512679760977
LRO,Vir,0.224512373603532
LRO,Gen,0.133103025309763
NSO,Def,0.310011915280342
NSO,Bur,0.435973477768439
NSO,NIn,0.65857757951682
NSO,CVD,0.660587617460571
NSO,Ulc,0.37093437813154
NSO,Coma,0.598381752876592
NSO,CIj,0.739978925338975
NSO,Hea,0.0704401590424859
NSO,Lip,0.0248169649437432
NSO,Jaw,0.169024174533972
NSO,Ear,0.260924258226976
NSO,Ep,0.477093142882017
NSO,Eye,0.102518028067136
NSO,Fr,0.336301551149005
NSO,GIH,0.0747833722633055
NSO,HA,0.508780613155142
NSO,NSC,0.499645383042409
NSO,HTN,0.0292683780058884
NSO,ArI,0.401222786617121
NSO,BIj,0.495646028126748
NSO,TJ,0.378468939288679
NSO,Liv,0.0458540129221343
NSO,Myc,0.068749750236254
NSO,NTJ,0.528379688252161
NSO,Wou,0.113818284732704
NSO,Bone,0.397633051672062
NSO,Con,0.502073065761754
NSO,Con,0.502073065761754
NSO,GIO,0.0866132795629913
NSO,InO,0.0783418299599951
NSO,IjO,0.388349305220574
NSO,Par,1.61241581093644
NSO,Poi,0.131178451037923
NSO,RIn,0.138188267862933
NSO,SIn,0.0454425735307788
NSO,Spi,1.55253181720889
NSO,Bac,0.845462042126453
NSO,Bac,0.845462042126453
NSO,Spr,0.315702351286225
NSO,SuIj,0.154235712937755
NSO,UGI,0.143644044377341
NSO,Vir,0.0325860614164674
NSO,Gen,0.0359313188537049
NuO,Ast,0.265278701444801
NuO,Bil,0.173390178864972
NuO,Art,0.269697759129111
NuO,Hea,0.108692911291889
NuO,Lip,0.741966980584685
NuO,Jaw,0.082264834796234
NuO,Ear,0.108463780178881
NuO,Eye,0.0236792420566089
NuO,Ele,0.152489477978087
NuO,GIH,0.16258441288777
NuO,Gou,0.374203815745362
NuO,HA,0.0433051897956469
NuO,HTN,0.656782595079734
NuO,TJ,0.165618476387119
NuO,Liv,0.729032419685459
NuO,Myc,0.203473439191359
NuO,NTJ,0.266823887862524
NuO,Gas,0.101881501135085
NuO,End,0.220708650171273
NuO,GIO,0.0288008062508613
NuO,IjO,0.0488719971408257
NuO,LRO,0.0543083948383925
NuO,SkO,0.075831310239215
NuO,URO,0.0963973548154636
NuO,Pan,0.128257704393616
NuO,RIn,0.222033881066924
NuO,SIn,0.14999252785373
NuO,Bac,0.174011431847945
NuO,Bac,0.174011431847945
NuO,Spr,0.0738162807024126
NuO,Thy,0.24347025173361
NuO,UGI,0.296028877948048
NuO,Vir,0.0513416423382765
NuO,DM,0.667860152961049
NuO,Gen,0.0555727430318826
SkO,Her,0.129602526543386
SkO,Def,0.376709394927186
SkO,Ast,0.0914958685471652
SkO,Bur,0.490485849647733
SkO,COPD,0.111093664310523
SkO,CIj,0.111325031768736
SkO,Art,0.135941365998778
SkO,Mou,0.138514820831752
SkO,Hea,0.0735408131678951
SkO,Uri,0.0451381779687102
SkO,Vei,0.177839146001552
SkO,Lip,0.0753605811859839
SkO,Jaw,0.277068075576797
SkO,Ear,0.199034966042879
SkO,Eye,0.248777932868385
SkO,Fr,0.21681973326764
SkO,GIH,0.189176674126562
SkO,HA,0.025885207390822
SkO,TJ,0.209030065735008
SkO,Liv,0.113320123054028
SkO,LGI,0.0466705156077331
SkO,Myc,0.962519127968211
SkO,NTJ,0.215085164780438
SkO,Gas,0.184355474547734
SkO,Wou,0.164644467859447
SkO,Bone,0.0467212365788921
SkO,Con,0.152264170116696
SkO,Con,0.152264170116696
SkO,GIO,0.0735714218171084
SkO,InO,0.320354828256279
SkO,SInf,0.845119776128128
SkO,IjO,0.20082497566553
SkO,NuO,0.0177768304525958
SkO,URO,0.215756599534366
SkO,RIn,0.497777270101772
SkO,SIn,0.808134091020571
SkO,Bac,0.121275230525465
SkO,Bac,0.121275230525465
SkO,Spr,0.264291495738406
SkO,SuIj,0.33911962120984
SkO,UGI,0.0874313684704127
SkO,Vir,0.677573637924646
SkO,Neo,0.503843412779929
SkO,Gen,0.297437712908972
URO,Her,0.078308474584489
URO,Def,0.115640539884265
URO,Ast,1.01890454554734
URO,Bur,0.166173069122391
URO,COPD,0.379282325666066
URO,Lip,0.134612004577265
URO,Jaw,0.200667959337226
URO,Ear,0.32794824393325
URO,Eye,0.11951597537999
URO,Fr,0.101782640762002
URO,HA,0.297512331420397
URO,TJ,0.177774110302466
URO,Myc,0.217586292349819
URO,NTJ,0.276903609990539
URO,Gas,0.0774216403798094
URO,GIO,0.146964558992799
URO,SInf,0.121368287306531
URO,IjO,0.126596246502776
URO,LRO,0.446481844811092
URO,NuO,0.0272999996698729
URO,SkO,0.263413597817874
URO,RIn,1.14512482242649
URO,SIn,0.0913814907829882
URO,Bac,0.2608044234531
URO,Bac,0.2608044234531
URO,Spr,0.204278463035382
URO,SuIj,0.140348441962177
URO,UGI,0.465558801649084
URO,Vir,0.321177284588992
URO,Gen,0.167339274424202
Pan,Her,0.226168164357415
Pan,Ane,0.599961180307841
Pan,Bac,0.189775693645006
Pan,Bac,0.189775693645006
Pan,Bil,2.16336987817955
Pan,Coag,0.847254811463268
Pan,Art,0.22416051239517
Pan,Hea,0.488947740102728
Pan,Uri,0.358122661546939
Pan,WBC,0.575259832277639
Pan,Lip,0.19994015162028
Pan,Ep,0.582587554102035
Pan,Ele,1.62726734782739
Pan,Fr,0.306121236189387
Pan,GIH,0.460894760919027
Pan,Gou,0.39635326060959
Pan,HTN,0.767859605057772
Pan,IIn,0.938471254346118
Pan,Liv,1.31070065979329
Pan,LGI,0.651263897604701
Pan,Gas,0.917514523370578
Pan,Ost,0.595151825173146
Pan,GIO,0.576142580633557
Pan,HeO,0.607375378289766
Pan,Ple,0.65511564026099
Pan,RIn,0.0952320726136318
Pan,SIn,0.146519722899323
Pan,UGI,0.793824630923777
Pan,Vir,0.249351835466541
Pan,DM,0.643936859185623
Par,Def,0.406048356984919
Par,Bac,0.270294363846016
Par,Bac,0.270294363846016
Par,Bur,0.942737106978863
Par,NIn,1.82579779460388
Par,CVD,2.83889559735188
Par,Ulc,1.87414356233827
Par,Coma,1.50361921141755
Par,CIj,1.72927566007655
Par,Uri,0.917358381824196
Par,Ep,1.47108366223667
Par,Eye,0.198058984471007
Par,Fr,0.906217220588097
Par,HA,0.165450468035086
Par,NSC,1.47824944489805
Par,ArI,0.881990590245681
Par,BIj,0.868718630822809
Par,Wou,0.523474070709346
Par,Ost,0.898009953981247
Par,Con,0.412244855956169
Par,Con,0.412244855956169
Par,GIO,0.942783581862419
Par,InO,0.460984737900666
Par,IjO,0.909797773197464
Par,NSO,1.55113260231351
Par,Spi,4.99615132408973
PFr,Def,0.572062507221698
PFr,Ane,0.328527242304054
PFr,Ulc,0.659874582335409
PFr,Jaw,0.380185352525984
PFr,Fr,2.06515294983518
PFr,ArI,1.63228168408028
PFr,TJ,0.46048345235674
PFr,NTJ,0.519645829668777
PFr,Ost,2.64841999886249
PFr,Bone,0.984540134372386
PFr,Con,0.616608129434679
PFr,Con,0.616608129434679
PFr,IjO,0.396595378807908
PFr,NSO,0.212764501892067
PFr,Par,0.615209969484658
PFr,Spi,0.897033852649549
PFr,Spr,0.443507073556602
PFr,SuIj,0.480370116917448
Ple,Her,0.200908154743568
Ple,Ane,1.02820978073003
Ple,Bac,1.00713091907718
Ple,Bac,1.00713091907718
Ple,Bil,0.925209475672928
Ple,Bur,0.492294637378093
Ple,NIn,0.601293813239566
Ple,COPD,0.978062302376103
Ple,Ulc,0.488951503985098
Ple,Coag,0.914389426999265
Ple,Coma,0.331044778936222
Ple,CIj,1.28598394388278
Ple,Art,0.431217228133904
Ple,Hea,1.35636034257963
Ple,Uri,0.604729398714332
Ple,Vei,0.237533087220004
Ple,WBC,1.05490544995433
Ple,Ep,0.207665322224529
Ple,Ele,1.22782706062688
Ple,Fr,0.415341440616257
Ple,GIH,0.191965963708277
Ple,HTN,0.158252938477598
Ple,ArI,0.5946951510017
Ple,IIn,0.492057675670354
Ple,Liv,0.601078255593519
Ple,LGI,0.481844506374312
Ple,Gas,0.364904142792419
Ple,GIO,0.582329006852201
Ple,HeO,0.721877806782683
Ple,InO,0.392155150378798
Ple,IjO,0.442760266812039
Ple,LRO,1.23426548081731
Ple,Pan,1.5574969545548
Ple,Par,0.795619261981195
Ple,Poi,0.499843481462907
Ple,RF,1.76349115450177
Ple,RIn,0.970757113388861
Ple,SIn,0.240029276809688
Ple,Spi,1.10752325687685
Ple,Lup,1.5516013606341
Ple,UGI,0.104235784188831
Ple,Vir,0.121828664341392
Ple,Neo,0.254679686325797
Poi,Her,0.165339333058716
Poi,Ane,0.252556240408966
Poi,Ast,0.263532133437267
Poi,Bac,0.161365993170828
Poi,Bac,0.161365993170828
Poi,Bur,0.796648349736038
Poi,COPD,0.388648148959575
Poi,Coma,1.77089307094145
Poi,CIj,0.466041792857153
Poi,Art,0.344728085940077
Poi,Hea,0.438403530542162
Poi,Uri,0.300785888823879
Poi,WBC,0.485215108426201
Poi,Jaw,0.0763832358014365
Poi,Ep,0.69158384546093
Poi,Ele,0.797906331847868
Poi,Fr,0.319827444412247
Poi,GIH,0.249181659582017
Poi,HA,0.132281827698536
Poi,HTN,0.166862592969004
Poi,IIn,0.353535331686051
Poi,TJ,0.114741896673118
Poi,Liv,0.218748302277527
Poi,Gas,0.367897090895202
Poi,Wou,0.195971991590625
Poi,GIO,0.163164445539224
Poi,IjO,0.471920093028581
Poi,LRO,0.110467363159453
Poi,NSO,0.104974568545796
Poi,RF,0.688819291749097
Poi,RIn,0.339129321396566
Poi,SIn,0.546114509865203
Poi,Spr,0.188870547435479
Poi,SuIj,0.47780555596711
Poi,Lup,0.491380853600624
Poi,UGI,0.150031452660611
Poi,Vir,0.274618195117167
RF,Ane,0.785079179555686
RF,Ast,0.498404723409743
RF,Bac,1.25731034465824
RF,Bac,1.25731034465824
RF,NIn,1.21973981093372
RF,CVD,0.636421401449916
RF,COPD,1.27674209906699
RF,Ulc,0.725126693640502
RF,Coag,0.870144782634292
RF,Coma,1.47971924745166
RF,CIj,0.486613163730986
RF,Art,0.391133908921423
RF,Hea,0.927960171192685
RF,Uri,0.8547521610674
RF,WBC,0.753802487751788
RF,Ep,0.782627423978914
RF,Ele,1.45369776267588
RF,Fr,0.23885523215375
RF,NSC,0.331928480184314
RF,HTN,0.490648440899709
RF,ArI,0.432646312162772
RF,IIn,0.407340775582344
RF,Liv,0.498847235710026
RF,GIO,0.573124516466207
RF,HeO,0.511459757341675
RF,InO,0.273889799052671
RF,IjO,0.777862219756641
RF,LRO,0.986034666513955
RF,NSO,0.173964409467761
RF,NuO,0.291742736696944
RF,URO,0.159437488474422
RF,Pan,1.16682050768702
RF,Par,1.30414655819652
RF,Ple,1.85415123597614
RF,Poi,1.34243198635234
RF,RIn,0.86540178769095
RF,SIn,0.156164900906491
RF,Spi,1.2797906680654
RF,Lup,0.623115279023298
RF,DM,0.133664086549194
RIn,Her,0.0948409025045983
RIn,Def,0.0470783492004667
RIn,Ast,0.506722231607762
RIn,Bac,0.194364491365889
RIn,Bac,0.194364491365889
RIn,Bur,0.558954939567544
RIn,COPD,0.812945893135234
RIn,CIj,0.135385921355781
RIn,Art,0.0471543912291296
RIn,Mou,0.0957835792137856
RIn,Hea,0.225822155887715
RIn,Uri,0.139973612948808
RIn,Vei,0.106021756141976
RIn,Jaw,0.272093984139995
RIn,Ear,0.255536625044499
RIn,Eye,0.219879728584904
RIn,Fr,0.292701393572382
RIn,GIH,0.209425181410466
RIn,HA,0.224842573314947
RIn,TJ,0.245346711030659
RIn,Liv,0.0554776037975425
RIn,LGI,0.0690556205881751
RIn,Myc,0.328663415220748
RIn,NTJ,0.174968509549403
RIn,Gas,0.491950149969708
RIn,Wou,0.0550529949871286
RIn,Con,0.0234302619578361
RIn,Con,0.0234302619578361
RIn,GIO,0.119900117363104
RIn,InO,0.303806873551136
RIn,SInf,0.0756854785108899
RIn,IjO,0.292513902600279
RIn,LRO,0.568463733771216
RIn,SkO,0.333590436213976
RIn,URO,0.710300144204102
RIn,Ple,0.340819824871543
RIn,Poi,0.171785207795395
RIn,SIn,0.455474997185638
RIn,Bac,0.175820943631337
RIn,Bac,0.175820943631337
RIn,Spr,0.439245713370068
RIn,SuIj,0.449228649165411
RIn,UGI,0.214599968772805
RIn,Vir,0.472165871399693
RIn,Gen,0.213546381351073
SIn,Her,0.128514082068064
SIn,Def,0.150709657235054
SIn,Ast,0.106761655151165
SIn,Bac,0.696332219475321
SIn,Bac,0.696332219475321
SIn,Bur,0.895341621636989
SIn,COPD,0.319095875912965
SIn,Ulc,1.23058989606108
SIn,CIj,0.522631256160125
SIn,Art,0.0796515148570236
SIn,Mou,0.133381008998437
SIn,Hea,0.0746589909284915
SIn,Uri,0.116167922752408
SIn,Vei,0.204061391017677
SIn,Jaw,0.273862928139403
SIn,Ear,0.0502083890289483
SIn,Eye,0.181864018783956
SIn,Fr,0.484581657479259
SIn,GIH,0.138443552094435
SIn,HTN,0.0718059528501762
SIn,ArI,1.39237813663058
SIn,TJ,0.227691361566975
SIn,Liv,0.0565946696609191
SIn,LGI,0.377597514433863
SIn,Myc,0.545550118293316
SIn,NTJ,0.0395034403835928
SIn,Gas,0.381548604841423
SIn,Wou,0.860513158229752
SIn,Con,0.0313182720521709
SIn,Con,0.0313182720521709
SIn,InO,0.448496458111519
SIn,SInf,0.336695484184259
SIn,IjO,0.450267707649528
SIn,SkO,0.787568715581884
SIn,Par,0.404247746281359
SIn,Poi,0.348394129558279
SIn,RIn,0.621388037776436
SIn,Spi,0.534265050728862
SIn,Spr,0.333591293019606
SIn,SuIj,0.767330087712647
SIn,Vir,0.516468431062758
SIn,DM,0.140647626101937
SIn,Gen,0.141987926331652
Spi,Bac,0.827580482438953
Spi,Bac,0.827580482438953
Spi,Bur,1.43388087693457
Spi,NIn,1.5997644580276
Spi,Ulc,2.91090863241554
Spi,Coma,0.798889414294424
Spi,CIj,1.87810675343646
Spi,Uri,2.15134185581916
Spi,Fr,1.47621707977429
Spi,NSC,1.2866487159101
Spi,ArI,1.68492883960792
Spi,IIn,0.408827527936869
Spi,BIj,0.700214201545751
Spi,Wou,0.489797256850519
Spi,Ost,0.88149545265752
Spi,Con,0.409076275494881
Spi,Con,0.409076275494881
Spi,GIO,1.93936963222127
Spi,IjO,0.462510291068176
Spi,NSO,1.27326486282712
Spi,Par,6.0266045726811
Spi,RF,0.377892877981877
Spi,Bac,0.212367968357389
Spi,Bac,0.212367968357389
Spi,Gen,0.447036622420403
Bac,Def,0.303687795589105
Bac,Def,0.303687795589105
Bac,Ast,0.194548197422901
Bac,Ast,0.194548197422901
Bac,CIj,0.132669156630258
Bac,CIj,0.132669156630258
Bac,Lip,0.0618079803386167
Bac,Lip,0.0618079803386167
Bac,Jaw,0.183766648537174
Bac,Jaw,0.183766648537174
Bac,Ear,0.294419030806963
Bac,Ear,0.294419030806963
Bac,Eye,0.0603165759413787
Bac,Eye,0.0603165759413787
Bac,Fr,0.110986181332693
Bac,Fr,0.110986181332693
Bac,GIH,0.0935206515101983
Bac,GIH,0.0935206515101983
Bac,HA,0.528076699218334
Bac,HA,0.528076699218334
Bac,HTN,0.0212020073058072
Bac,HTN,0.0212020073058072
Bac,BIj,0.138639176487166
Bac,BIj,0.138639176487166
Bac,TJ,0.309326932393083
Bac,TJ,0.309326932393083
Bac,Myc,0.140679627785324
Bac,Myc,0.140679627785324
Bac,NTJ,0.672635509955646
Bac,NTJ,0.672635509955646
Bac,Bone,0.512051800545888
Bac,Bone,0.512051800545888
Bac,Con,0.219793038465217
Bac,Con,0.219793038465217
Bac,Con,0.219793038465217
Bac,Con,0.219793038465217
Bac,IjO,0.294901701425211
Bac,IjO,0.294901701425211
Bac,NSO,0.383663165090485
Bac,NSO,0.383663165090485
Bac,SkO,0.0898093265910613
Bac,SkO,0.0898093265910613
Bac,URO,0.141629580453952
Bac,URO,0.141629580453952
Bac,RIn,0.336652918005243
Bac,RIn,0.336652918005243
Bac,Spr,0.502536507748857
Bac,Spr,0.502536507748857
Bac,SuIj,0.247220817682635
Bac,SuIj,0.247220817682635
Bac,UGI,0.255010810896602
Bac,UGI,0.255010810896602
Bac,Vir,0.145306127622638
Bac,Vir,0.145306127622638
Bac,Gen,0.130890908770653
Bac,Gen,0.130890908770653
Spr,Her,0.0668658354769055
Spr,Def,0.322419662374515
Spr,Ast,0.0902150760325028
Spr,Bur,0.550949325833516
Spr,COPD,0.0745397229236616
Spr,CIj,0.244346333974095
Spr,Jaw,0.290207650702455
Spr,Ear,0.231606657053074
Spr,Eye,0.169389155285452
Spr,Fr,0.62434147848298
Spr,GIH,0.0905320409929983
Spr,HA,0.192404038971799
Spr,TJ,0.945599884006923
Spr,Myc,0.223909659202777
Spr,NTJ,0.836135425486314
Spr,Gas,0.281102826774737
Spr,Wou,0.228536527376084
Spr,Bone,0.493588574736684
Spr,Con,0.624671608329179
Spr,Con,0.624671608329179
Spr,IjO,0.70804629470772
Spr,SkO,0.219368068581916
Spr,URO,0.0592886836598198
Spr,RIn,0.587559111107616
Spr,SIn,0.266815406925109
Spr,Bac,0.404927262560512
Spr,Bac,0.404927262560512
Spr,SuIj,0.926247680294522
Spr,Vir,0.286883421829207
Spr,Gen,0.083182288512547
SuIj,Def,0.169201103210747
SuIj,Ast,0.0730183855122917
SuIj,Bur,1.18060063422934
SuIj,COPD,0.299159336223432
SuIj,CIj,0.742068403107533
SuIj,Hea,0.153338019435963
SuIj,Jaw,0.319754683520796
SuIj,Ear,0.188385375169577
SuIj,Eye,0.372304418287824
SuIj,Fr,0.874690752002542
SuIj,GIH,0.184181977262896
SuIj,HA,0.0923983451622057
SuIj,TJ,0.480967924831535
SuIj,Myc,0.271742068322722
SuIj,NTJ,0.354532157275573
SuIj,Gas,0.454559325775442
SuIj,Wou,0.956508729008279
SuIj,Con,0.250247690144602
SuIj,Con,0.250247690144602
SuIj,InO,0.3043542517415
SuIj,IjO,0.83709490130531
SuIj,SkO,0.366661164588617
SuIj,Poi,0.415937260770399
SuIj,RIn,0.725838325308714
SuIj,SIn,0.759498331245024
SuIj,Bac,0.0733268833828127
SuIj,Bac,0.0733268833828127
SuIj,Spr,0.939968657709665
SuIj,Vir,0.393320513717043
SuIj,Gen,0.12725052500578
Lup,Ane,0.320132019576799
Lup,Ast,0.266650295660963
Lup,Bac,0.407811123204293
Lup,Bac,0.407811123204293
Lup,NIn,0.861919011722615
Lup,CVD,0.424139368032766
Lup,COPD,0.311268624052406
Lup,Coag,1.10212833527405
Lup,Art,0.953494440156371
Lup,Mou,0.81244002256681
Lup,Hea,0.300827796459458
Lup,Uri,0.222397090072019
Lup,WBC,0.638578494933035
Lup,Ep,0.453335469990702
Lup,Eye,0.341562851060463
Lup,HTN,0.132501032376052
Lup,Imm,1.18807479835557
Lup,Liv,0.387568257197281
Lup,NTJ,0.371142086319085
Lup,Con,0.178657124954144
Lup,Con,0.178657124954144
Lup,InO,0.891255512355646
Lup,SInf,1.25907753989347
Lup,LRO,0.314847568854352
Lup,NSO,0.248334489258941
Lup,SkO,0.294936939009706
Lup,Ple,0.94711671597773
Lup,SIn,0.270936394233717
Lup,Thy,0.408102848536865
Lup,UGI,0.169898536445541
Lup,Vir,0.201411509448006
Thy,Ane,0.0660151042262987
Thy,Ast,0.166951767473099
Thy,COPD,0.0998178691394651
Thy,Hea,0.153063701302707
Thy,Lip,0.428293477528328
Thy,Jaw,0.118957606612045
Thy,Ear,0.101131381160631
Thy,Ep,0.257563321182632
Thy,GIH,0.105066544799433
Thy,HA,0.175791626783272
Thy,HTN,0.259651693931402
Thy,TJ,0.139973947943553
Thy,Liv,0.326441915603421
Thy,Myc,0.070013827272778
Thy,NTJ,0.0893821274821274
Thy,Gas,0.19059250327784
Thy,End,0.692624813459511
Thy,GIO,0.0784440119336323
Thy,IjO,0.09443056208602
Thy,NuO,0.252059808903073
Thy,URO,0.0655784533521629
Thy,RIn,0.161912273316392
Thy,Bac,0.134115722828087
Thy,Bac,0.134115722828087
Thy,Lup,0.240980531780418
Thy,UGI,0.208850396702753
Thy,Vir,0.0863292086651065
Thy,DM,0.125994484032048
Thy,Gen,0.0726627875107113
UGI,Her,0.622773268559005
UGI,Ane,0.203553320617552
UGI,Ast,0.495337126438755
UGI,Bil,0.555249408449948
UGI,Bur,0.18056000860707
UGI,COPD,0.230823890201448
UGI,Hea,0.310338222506911
UGI,Vei,0.147977194369748
UGI,Lip,0.233242751391024
UGI,Jaw,0.104411519851709
UGI,Ear,0.156601838062938
UGI,GIH,0.728843962653855
UGI,HA,0.324934882410597
UGI,HTN,0.314515365638224
UGI,IIn,0.149120641873674
UGI,TJ,0.132326622022942
UGI,Liv,0.232134490138109
UGI,LGI,0.229225218761877
UGI,Myc,0.0562376350296062
UGI,NTJ,0.250794002067172
UGI,Gas,0.629635276779341
UGI,Ost,0.198334686220478
UGI,GIO,0.825330579961543
UGI,InO,0.106733285792776
UGI,IjO,0.0743775024658301
UGI,LRO,0.0792787028752968
UGI,NuO,0.085994825961783
UGI,URO,0.391661112048959
UGI,Pan,0.687422410182442
UGI,RIn,0.370522792402663
UGI,Bac,0.334714549152929
UGI,Bac,0.334714549152929
UGI,Spr,0.0731759228768943
UGI,Lup,0.36935009326809
UGI,Vir,0.135904116974245
UGI,Gen,0.0797514078098794
Vir,Her,0.110360307565392
Vir,Def,0.0600351870757099
Vir,Ast,0.112025440715873
Vir,Bac,0.480920886954061
Vir,Bac,0.480920886954061
Vir,Bur,0.376266499613795
Vir,NIn,0.457084050643175
Vir,COPD,0.191875190742979
Vir,CIj,0.197347283884959
Vir,Mou,0.227048566107569
Vir,Hea,0.0559124680719979
Vir,Uri,0.203919830727648
Vir,Vei,0.160016066043199
Vir,Jaw,0.316895183215984
Vir,Ear,0.108344382773901
Vir,Eye,0.161156551688487
Vir,Fr,0.315593549889438
Vir,GIH,0.261038876807818
Vir,TJ,0.16206917777025
Vir,Liv,0.584582267602301
Vir,LGI,0.0907994608779644
Vir,Myc,0.500107868296891
Vir,NTJ,0.0249156770381824
Vir,Gas,0.325762145230387
Vir,Wou,0.0986963077762563
Vir,GIO,0.0730755557625262
Vir,InO,0.656016308839295
Vir,SInf,0.465886125458658
Vir,IjO,0.23959565223059
Vir,SkO,0.737994205715672
Vir,URO,0.134721520629931
Vir,Poi,0.220981594024441
Vir,RIn,0.585189812730697
Vir,SIn,0.498109239149615
Vir,Bac,0.0582350027040728
Vir,Bac,0.0582350027040728
Vir,Spr,0.29352546345773
Vir,SuIj,0.362920230215167
Vir,UGI,0.107716269093835
Vir,Neo,0.0832307304703955
Vir,Gen,0.349195413443261
DM,Ast,0.163564849345683
DM,Art,0.144593490698724
DM,Hea,0.0517073752744559
DM,Lip,1.06867473964489
DM,Gou,0.382404054558657
DM,HTN,0.863328197980258
DM,Liv,0.792486878389272
DM,Myc,0.0997448183524723
DM,NTJ,0.114354184434897
DM,End,0.249176377297505
DM,NuO,1.09523263990465
DM,Pan,0.331058482378081
DM,RIn,0.114527239953734
DM,SIn,0.169689291038047
DM,Bac,0.0385713928463059
DM,Bac,0.0385713928463059
DM,Thy,0.117449547855316
DM,UGI,0.215592485937439
Neo,Her,0.445679837492997
Neo,Ane,0.202945548404805
Neo,Bil,0.163758340392007
Neo,Art,0.190500830269441
Neo,Hea,0.0703589454811764
Neo,Uri,0.0807392866140986
Neo,Vei,0.516593376947771
Neo,Lip,0.166746765742195
Neo,Jaw,0.15795202540171
Neo,Ear,0.129744445764526
Neo,Eye,0.242157249291361
Neo,GIH,0.821580777950537
Neo,HA,0.0768078267575819
Neo,HTN,0.0641211746411145
Neo,TJ,0.147366597529346
Neo,Liv,0.183741364619679
Neo,LGI,0.704481875821659
Neo,Myc,0.238730519705082
Neo,NTJ,0.177378427685801
Neo,Gas,0.437493000027417
Neo,End,0.245736894325366
Neo,GIO,0.380457117987965
Neo,InO,0.114105407279632
Neo,SInf,0.211853702302168
Neo,IjO,0.0442464316401904
Neo,NuO,0.0452951519929301
Neo,SkO,0.852234332336618
Neo,URO,0.0802998128173123
Neo,RIn,0.27417197332362
Neo,SIn,0.0768812005430356
Neo,Bac,0.130791160032109
Neo,Bac,0.130791160032109
Neo,Spr,0.158987671411415
Neo,Thy,0.116098708900327
Neo,UGI,0.260141222987033
Neo,Vir,0.44167710929255
Neo,Gen,0.478656214150845
Con,Her,0.140942340818581
Con,Her,0.140942340818581
Con,Def,1.54394508202911
Con,Def,1.54394508202911
Con,CVD,0.172268875577689
Con,CVD,0.172268875577689
Con,Hea,0.104760432248566
Con,Hea,0.104760432248566
Con,Uri,0.09944436791123
Con,Uri,0.09944436791123
Con,Vei,0.0733726552370159
Con,Vei,0.0733726552370159
Con,Jaw,0.14849269961488
Con,Jaw,0.14849269961488
Con,Ear,0.176090390335296
Con,Ear,0.176090390335296
Con,Eye,0.251502885995087
Con,Eye,0.251502885995087
Con,HA,0.169631530587215
Con,HA,0.169631530587215
Con,TJ,0.307692834339191
Con,TJ,0.307692834339191
Con,Myc,0.406313240865979
Con,Myc,0.406313240865979
Con,NTJ,0.522299326559383
Con,NTJ,0.522299326559383
Con,Bone,0.250202354946994
Con,Bone,0.250202354946994
Con,Con,0.769264226677248
Con,Con,0.769264226677248
Con,Con,0.769264226677248
Con,Con,0.769264226677248
Con,NSO,0.0732710293397856
Con,NSO,0.0732710293397856
Con,SkO,0.385459513848679
Con,SkO,0.385459513848679
Con,URO,0.116024945851386
Con,URO,0.116024945851386
Con,RIn,0.165743716178219
Con,RIn,0.165743716178219
Con,Bac,0.454145864753833
Con,Bac,0.454145864753833
Con,Bac,0.454145864753833
Con,Bac,0.454145864753833
Con,Spr,0.341787766409419
Con,Spr,0.341787766409419
Con,UGI,0.0801605821694977
Con,UGI,0.0801605821694977
Con,Vir,0.120535702636442
Con,Vir,0.120535702636442
Con,Gen,0.187030149131169
Con,Gen,0.187030149131169
Gen,Her,0.282090866175794
Gen,Def,0.0505898306699923
Gen,Ast,0.0553857532568326
Gen,CIj,0.130178799127436
Gen,Hea,0.107794759932415
Gen,Uri,0.556309267951363
Gen,Vei,0.278635779815328
Gen,Lip,0.286324766270475
Gen,Jaw,0.167423296710452
Gen,Ear,0.158987471073565
Gen,Eye,0.131119300015318
Gen,GIH,0.200587188376839
Gen,HA,0.165744804201781
Gen,HTN,0.202192577018575
Gen,TJ,0.214554221526415
Gen,Liv,0.11731536250105
Gen,Myc,0.314983609736025
Gen,NTJ,0.243513397953634
Gen,Gas,0.104830771643127
Gen,End,0.733004433184781
Gen,GIO,0.136374067395733
Gen,InO,0.136902293792875
Gen,SInf,0.0775641886554671
Gen,IjO,0.113117854136544
Gen,NuO,0.0564871649686458
Gen,SkO,0.305476752099972
Gen,URO,0.154893485437482
Gen,Par,0.337767645861449
Gen,RIn,0.336956961098838
Gen,SIn,0.1717227032996
Gen,Spi,0.757940745936155
Gen,Bac,0.268980255397138
Gen,Bac,0.268980255397138
Gen,Spr,0.189003173277375
Gen,SuIj,0.0686436572388826
Gen,UGI,0.221493220691978
Gen,Vir,0.367012706432203
Gen,DM,0.0665769974981533
Gen,Neo,0.092787011544184
